【整租】乐乎公寓 十里河 十里河店,十里河,3100-3500,http://bj.58.com/pinpaigongyu/30334110266812x.shtml
【整租】通州北苑 后南仓小区 1室1厅,后南仓小区,2080,http://bj.58.com/pinpaigongyu/30443114207432x.shtml
【整租】芍药居 芍药居乐乎城市青 1室1厅,芍药居乐乎城市青,3100,http://bj.58.com/pinpaigongyu/30290461385002x.shtml
【整租】十里河 乐乎公寓 1室1厅,【整租】十里河,3999,http://bj.58.com/pinpaigongyu/30443895707449x.shtml
【整租】九棵树 九棵树家园 1室1厅,九棵树家园,2080,http://bj.58.com/pinpaigongyu/30366004259242x.shtml
【整租】东坝 保利天誉丽湾家园 2室1厅,保利天誉丽湾家园,4000,http://bj.58.com/pinpaigongyu/30260307418428x.shtml
【整租】通州北苑 通州北苑乐乎城市 1室1厅,通州北苑乐乎城市,2200,http://bj.58.com/pinpaigongyu/30453738928057x.shtml
【整租】沙河 保利罗兰香谷 2室1厅,保利罗兰香谷,3000,http://bj.58.com/pinpaigongyu/30314872904142x.shtml
【合租】太阳宫 火星园 3室主卧,火星园,2700,http://bj.58.com/pinpaigongyu/30392163330625x.shtml
【合租】望京 华鼎世家 3室主卧,华鼎世家,3000,http://bj.58.com/pinpaigongyu/30447191904827x.shtml
【合租】九棵树 K2玉兰湾 4室主卧,K2玉兰湾,2100,http://bj.58.com/pinpaigongyu/30323391906859x.shtml
【整租】青遇home 双桥 青遇新动漫,双桥,2400,http://bj.58.com/pinpaigongyu/29978998417998x.shtml
【整租】西北旺 大牛坊一期 1室1厅,大牛坊一期,3200,http://bj.58.com/pinpaigongyu/30342981850046x.shtml
【合租】十里堡 都会华庭 3室主卧,都会华庭,2150,http://bj.58.com/pinpaigongyu/30336409549370x.shtml
【合租】百子湾 观音惠园 3室主卧,观音惠园,2000,http://bj.58.com/pinpaigongyu/30443643367346x.shtml
【整租】青遇home 高碑店 柒號大厦,高碑店,2500-3300,http://bj.58.com/pinpaigongyu/29927075073990x.shtml
【合租】芍药居 芍药居北里小区 3室次卧,芍药居北里小区,2300,http://bj.58.com/pinpaigongyu/30365682085697x.shtml
【合租】肖家河 肖家河回迁住宅 3室次卧,肖家河回迁住宅,2000,http://bj.58.com/pinpaigongyu/30301468351552x.shtml
【整租】西北旺 大牛坊一期 1室0厅,大牛坊一期,3200,http://bj.58.com/pinpaigongyu/30424399366707x.shtml
【整租】东坝 金隅汇景苑三区 2室2厅,金隅汇景苑三区,4000,http://bj.58.com/pinpaigongyu/30437351406002x.shtml
【整租】乐乎公寓 十里河 十里河店,十里河,3100-3500,http://bj.58.com/pinpaigongyu/30334110266812x.shtml
【整租】通州北苑 通州北苑乐乎城市 1室1厅,通州北苑乐乎城市,2200,http://bj.58.com/pinpaigongyu/30453738928057x.shtml
【整租】沙河 保利罗兰香谷 2室1厅,保利罗兰香谷,3000,http://bj.58.com/pinpaigongyu/30314872904142x.shtml
【合租】太阳宫 火星园 3室主卧,火星园,2700,http://bj.58.com/pinpaigongyu/30392163330625x.shtml
【合租】望京 华鼎世家 3室主卧,华鼎世家,3000,http://bj.58.com/pinpaigongyu/30447191904827x.shtml
【合租】回龙观 紫金新干线二区 3室主卧,紫金新干线二区,2000,http://bj.58.com/pinpaigongyu/30246733067719x.shtml
【合租】后沙峪 蓝星花园 3室主卧,蓝星花园,2600,http://bj.58.com/pinpaigongyu/30403494343100x.shtml
【整租】沙河 兆丰家园西区 2室1厅,兆丰家园西区,3160,http://bj.58.com/pinpaigongyu/30247672681138x.shtml
【整租】芍药居 芍药居乐乎城市青 1室1厅,芍药居乐乎城市青,3800,http://bj.58.com/pinpaigongyu/30454069926220x.shtml
【整租】四惠 乐乎城市青年社区 1室1厅,【整租】四惠,2499,http://bj.58.com/pinpaigongyu/30435444631103x.shtml
【合租】肖家河 肖家河回迁住宅 3室次卧,肖家河回迁住宅,2000,http://bj.58.com/pinpaigongyu/30301468351552x.shtml
【整租】青遇home 双桥 青遇新动漫,双桥,2400,http://bj.58.com/pinpaigongyu/29978998417998x.shtml
【整租】上地 上地酒店公寓 1室1厅,【整租】上地,2600,http://bj.58.com/pinpaigongyu/30277962205484x.shtml
【整租】马连道 茗筑大厦 1室1厅,茗筑大厦,2700,http://bj.58.com/pinpaigongyu/30268941226936x.shtml
【整租】西北旺 大牛坊一期 1室1厅,大牛坊一期,3500,http://bj.58.com/pinpaigongyu/30271144551604x.shtml
【整租】青遇home 高碑店 柒號大厦,高碑店,2500-3300,http://bj.58.com/pinpaigongyu/29927075073990x.shtml
【整租】东坝 金隅汇景苑三区 2室2厅,金隅汇景苑三区,4000,http://bj.58.com/pinpaigongyu/30437351406002x.shtml
【合租】清河 君安家园东区 3室次卧,君安家园东区,2280,http://bj.58.com/pinpaigongyu/30298940859706x.shtml
【整租】上地 上地三街 1室1厅,上地三街,2600,http://bj.58.com/pinpaigongyu/30277958582080x.shtml
【合租】九棵树 K2玉兰湾 5室主卧,K2玉兰湾,2600,http://bj.58.com/pinpaigongyu/30413206668862x.shtml
【整租】乐乎公寓 十里河 十里河店,十里河,3100-3500,http://bj.58.com/pinpaigongyu/30334110266812x.shtml
【合租】百子湾 建工动力港 3室主卧,建工动力港,2500,http://bj.58.com/pinpaigongyu/30377619390762x.shtml
【整租】芍药居 芍药居乐乎城市青 1室1厅,芍药居乐乎城市青,3800,http://bj.58.com/pinpaigongyu/30454069926220x.shtml
【整租】东坝 东泽园 2室1厅,东泽园,4000,http://bj.58.com/pinpaigongyu/30258982438455x.shtml
【整租】四惠 乐乎城市青年社区 1室1厅,【整租】四惠,2499,http://bj.58.com/pinpaigongyu/30435444631103x.shtml
【合租】马连洼 镶黄旗万树园小区 3室主卧,镶黄旗万树园小区,2600,http://bj.58.com/pinpaigongyu/30377561034425x.shtml
【整租】西红门 星光影视园 1室0厅,星光影视园,2590,http://bj.58.com/pinpaigongyu/30387733207113x.shtml
【合租】学院路 双清路14号院 3室次卧,双清路14号院,2380,http://bj.58.com/pinpaigongyu/30435957546305x.shtml
【合租】常营  3室主卧,3室主卧,2000,http://bj.58.com/pinpaigongyu/30388355865543x.shtml
【整租】通州北苑 通州北苑乐乎城市 1室1厅,通州北苑乐乎城市,2200,http://bj.58.com/pinpaigongyu/30421756618950x.shtml
【合租】西二旗 领秀硅谷3区 5室主卧,领秀硅谷3区,2890,http://bj.58.com/pinpaigongyu/30410020683050x.shtml
【整租】青遇home 双桥 青遇新动漫,双桥,2400,http://bj.58.com/pinpaigongyu/29978998417998x.shtml
【整租】西北旺 大牛坊一期 2室1厅,大牛坊一期,3700,http://bj.58.com/pinpaigongyu/30321183953324x.shtml
【合租】后沙峪 双裕花园 3室主卧,双裕花园,2580,http://bj.58.com/pinpaigongyu/30303896537137x.shtml
【合租】四季青 和泓四季 3室主卧,和泓四季,2500,http://bj.58.com/pinpaigongyu/30310614763332x.shtml
【整租】青遇home 高碑店 柒號大厦,高碑店,2500-3300,http://bj.58.com/pinpaigongyu/29927075073990x.shtml
【合租】双井 垂杨柳北里 3室次卧,垂杨柳北里,2700,http://bj.58.com/pinpaigongyu/30334344244673x.shtml
【整租】玉桥 京艺天朗嘉园 2室2厅,京艺天朗嘉园,3400,http://bj.58.com/pinpaigongyu/30388513579818x.shtml
【合租】肖家河 肖家河回迁住宅 3室主卧,肖家河回迁住宅,2390,http://bj.58.com/pinpaigongyu/30303635563316x.shtml
【合租】回龙观 融泽嘉园二号院 3室次卧,融泽嘉园二号院,2180,http://bj.58.com/pinpaigongyu/30276995182385x.shtml
【整租】乐乎公寓 十里河 十里河店,十里河,3100-3500,http://bj.58.com/pinpaigongyu/30334110266812x.shtml
【整租】通州北苑 通州北苑乐乎城市 1室1厅,通州北苑乐乎城市,2200,http://bj.58.com/pinpaigongyu/30421756618950x.shtml
【整租】大望路 传媒地铁函数公寓 1室1厅,【整租】大望路,2950,http://bj.58.com/pinpaigongyu/30144538717127x.shtml
【整租】双井 乐乎公寓 1室1厅,【整租】双井,3100,http://bj.58.com/pinpaigongyu/30412771476012x.shtml
【合租】方庄 芳群园四区 3室主卧,芳群园四区,2500,http://bj.58.com/pinpaigongyu/30391469088042x.shtml
【合租】大红门 苗圃东里小区 3室主卧,苗圃东里小区,2200,http://bj.58.com/pinpaigongyu/30388900074041x.shtml
【合租】霍营 天鑫家园一期 3室主卧,天鑫家园一期,2160,http://bj.58.com/pinpaigongyu/30336762721985x.shtml
【整租】大望路 东星时代广场公寓 1室1厅,【整租】大望路,2950,http://bj.58.com/pinpaigongyu/28649280927562x.shtml
【整租】管庄 通盛公寓 1室0厅,【整租】管庄,2700,http://bj.58.com/pinpaigongyu/30454217169578x.shtml
【合租】回龙观 函数公寓龙旗店 2室主卧,【合租】回龙观,2300,http://bj.58.com/pinpaigongyu/30091063035452x.shtml
【合租】回龙观 回龙观新村东区 3室主卧,回龙观新村东区,2280,http://bj.58.com/pinpaigongyu/30169677626665x.shtml
【整租】青遇home 双桥 青遇新动漫,双桥,2400,http://bj.58.com/pinpaigongyu/29978998417998x.shtml
【整租】上地 上地三街 1室1厅,上地三街,2600,http://bj.58.com/pinpaigongyu/30277958582080x.shtml
【合租】九棵树 K2玉兰湾 5室主卧,K2玉兰湾,2600,http://bj.58.com/pinpaigongyu/30413206668862x.shtml
【合租】芍药居 芍药居北里小区 3室主卧,芍药居北里小区,2890,http://bj.58.com/pinpaigongyu/30292662577211x.shtml
【整租】青遇home 高碑店 柒號大厦,高碑店,2500-3300,http://bj.58.com/pinpaigongyu/29927075073990x.shtml
【合租】西二旗 领秀硅谷3区 5室主卧,领秀硅谷3区,2890,http://bj.58.com/pinpaigongyu/30410020683050x.shtml
【合租】望京 望京西园二区 3室主卧,望京西园二区,2850,http://bj.58.com/pinpaigongyu/30370714652744x.shtml
【合租】九棵树 K2玉兰湾 4室主卧,K2玉兰湾,2300,http://bj.58.com/pinpaigongyu/30194429401513x.shtml
【整租】西北旺 大牛坊一期 2室1厅,大牛坊一期,3700,http://bj.58.com/pinpaigongyu/30321183953324x.shtml
【整租】乐乎公寓 十里河 十里河店,十里河,3100-3500,http://bj.58.com/pinpaigongyu/30334110266812x.shtml
【整租】沙河 冠芳园 2室1厅,冠芳园,4000,http://bj.58.com/pinpaigongyu/30343722608709x.shtml
【合租】回龙观 龙腾苑四区 3室主卧,龙腾苑四区,2000,http://bj.58.com/pinpaigongyu/30446559694140x.shtml
【合租】北苑 时代庄园 3室主卧,时代庄园,3000,http://bj.58.com/pinpaigongyu/30378559021763x.shtml
【整租】十里河 乐乎公寓 1室1厅,【整租】十里河,3099,http://bj.58.com/pinpaigongyu/30412762564921x.shtml
【合租】望京 精英家园 3室主卧,精英家园,2500,http://bj.58.com/pinpaigongyu/30380073668790x.shtml
【合租】龙泽 新龙城 3室主卧,新龙城,2400,http://bj.58.com/pinpaigongyu/30000794165553x.shtml
【合租】龙泽 新龙城 3室主卧,新龙城,2200,http://bj.58.com/pinpaigongyu/30233394275014x.shtml
【整租】新发地 中福丽宫 1室0厅,中福丽宫,2500,http://bj.58.com/pinpaigongyu/30025844674252x.shtml
【整租】大望路 尚帝佳公寓 1室0厅,【整租】大望路,2400,http://bj.58.com/pinpaigongyu/30443898932778x.shtml
【整租】西北旺 大牛坊一期 1室1厅,大牛坊一期,3700,http://bj.58.com/pinpaigongyu/30248316334287x.shtml
【整租】青遇home 双桥 青遇新动漫,双桥,2400,http://bj.58.com/pinpaigongyu/29978998417998x.shtml
【合租】亚运村 安慧里五区 3室主卧,安慧里五区,2550,http://bj.58.com/pinpaigongyu/30179777764159x.shtml
【合租】双井 垂杨柳北里 3室次卧,垂杨柳北里,2700,http://bj.58.com/pinpaigongyu/30334344244673x.shtml
【合租】物资学院路 慧合公寓 3室主卧,【合租】物资学院路,2060,http://bj.58.com/pinpaigongyu/30376813601335x.shtml
【整租】青遇home 高碑店 柒號大厦,高碑店,2500-3300,http://bj.58.com/pinpaigongyu/29927075073990x.shtml
【合租】肖家河 肖家河回迁住宅 3室主卧,肖家河回迁住宅,2390,http://bj.58.com/pinpaigongyu/30303635563316x.shtml
【合租】回龙观 融泽嘉园二号院 3室次卧,融泽嘉园二号院,2180,http://bj.58.com/pinpaigongyu/30276995182385x.shtml
【整租】东坝 金隅汇景苑 2室1厅,金隅汇景苑,3800,http://bj.58.com/pinpaigongyu/30203719779766x.shtml
【合租】北苑 绣菊园南区 3室主卧,绣菊园南区,2500,http://bj.58.com/pinpaigongyu/30144926493355x.shtml
【整租】乐乎公寓 十里河 十里河店,十里河,3100-3500,http://bj.58.com/pinpaigongyu/30334110266812x.shtml
【整租】东坝 保利天誉丽湾家园 2室1厅,保利天誉丽湾家园,4000,http://bj.58.com/pinpaigongyu/30258061081278x.shtml
【合租】新华大街 万方家园 3室主卧,万方家园,2100,http://bj.58.com/pinpaigongyu/30266718589627x.shtml
【合租】回龙观 流星花园三区 3室主卧,流星花园三区,2000,http://bj.58.com/pinpaigongyu/30367639173708x.shtml
【合租】双井 百环家园 3室主卧,百环家园,2490,http://bj.58.com/pinpaigongyu/30378743712950x.shtml
【合租】芍药居 圣馨家园 3室主卧,圣馨家园,3000,http://bj.58.com/pinpaigongyu/30388741510093x.shtml
【合租】常营 保利嘉园 3室主卧,保利嘉园,2180,http://bj.58.com/pinpaigongyu/30377360844493x.shtml
【合租】龙泽 龙泽苑东区 3室主卧,龙泽苑东区,2230,http://bj.58.com/pinpaigongyu/30446661653184x.shtml
【合租】后沙峪 蓝星花园 3室主卧,蓝星花园,2500,http://bj.58.com/pinpaigongyu/30368080989904x.shtml
【合租】龙泽 新龙城 3室主卧,新龙城,2600,http://bj.58.com/pinpaigongyu/29989585691191x.shtml
【合租】后沙峪 双裕花园 3室主卧,双裕花园,2580,http://bj.58.com/pinpaigongyu/30303896537137x.shtml
【整租】青遇home 双桥 青遇新动漫,双桥,2400,http://bj.58.com/pinpaigongyu/29978998417998x.shtml
【合租】朝青板块 珠江罗马嘉园二期 3室主卧,珠江罗马嘉园二期,2170,http://bj.58.com/pinpaigongyu/30069070911665x.shtml
【整租】西北旺 大牛坊一期 1室1厅,大牛坊一期,3300,http://bj.58.com/pinpaigongyu/30171118036666x.shtml
【合租】清河 君安家园东区 3室次卧,君安家园东区,2080,http://bj.58.com/pinpaigongyu/30068097803207x.shtml
【整租】青遇home 高碑店 柒號大厦,高碑店,2500-3300,http://bj.58.com/pinpaigongyu/29927075073990x.shtml
【合租】马连洼 裕祺隆园 3室次卧,裕祺隆园,2590,http://bj.58.com/pinpaigongyu/30377414016308x.shtml
【整租】西北旺 大牛坊一期 1室1厅,大牛坊一期,3700,http://bj.58.com/pinpaigongyu/30248316334287x.shtml
【整租】东坝 金隅汇景苑三区 2室1厅,金隅汇景苑三区,3900,http://bj.58.com/pinpaigongyu/30437753884488x.shtml
【合租】国贸 康惠园小区 3室主卧,康惠园小区,2000,http://bj.58.com/pinpaigongyu/30137062274102x.shtml
【整租】乐乎公寓 十里河 十里河店,十里河,3100-3500,http://bj.58.com/pinpaigongyu/30334110266812x.shtml
【整租】国贸 通盛公寓 1室0厅,【整租】国贸,2800,http://bj.58.com/pinpaigongyu/30443092641088x.shtml
【合租】来广营 湖光壹号 3室主卧,湖光壹号,3250,http://bj.58.com/pinpaigongyu/30370037158346x.shtml
【整租】双井 乐乎城市青年社区 1室1厅,【整租】双井,3100,http://bj.58.com/pinpaigongyu/30379653298767x.shtml
【整租】新华大街 万达广场(通州) 1室1厅,万达广场(通州),2080,http://bj.58.com/pinpaigongyu/30366056097730x.shtml
【合租】垡头 金蝉北里 3室主卧,金蝉北里,2350,http://bj.58.com/pinpaigongyu/30380399812685x.shtml
【合租】双桥 双柳小区 3室主卧,双柳小区,2580,http://bj.58.com/pinpaigongyu/30379766336056x.shtml
【合租】回龙观 流星花园三区 3室主卧,流星花园三区,2200,http://bj.58.com/pinpaigongyu/30367635099708x.shtml
【整租】沙河 巩华家园 2室1厅,巩华家园,3200,http://bj.58.com/pinpaigongyu/30432193233360x.shtml
【整租】同兴园 中福丽宫 1室0厅,中福丽宫,2900,http://bj.58.com/pinpaigongyu/30025665843395x.shtml
【合租】清河 君安家园东区 3室次卧,君安家园东区,2080,http://bj.58.com/pinpaigongyu/30068097803207x.shtml
【整租】青遇home 双桥 青遇新动漫,双桥,2400,http://bj.58.com/pinpaigongyu/29978998417998x.shtml
【合租】肖家河 肖家河回迁住宅( 3室主卧,肖家河回迁住宅(,2390,http://bj.58.com/pinpaigongyu/30104588772811x.shtml
【合租】常营 保利嘉园 4室主卧,保利嘉园,2480,http://bj.58.com/pinpaigongyu/30246199382589x.shtml
【合租】马连洼 裕祺隆园 3室次卧,裕祺隆园,2590,http://bj.58.com/pinpaigongyu/30377414016308x.shtml
【整租】青遇home 高碑店 柒號大厦,高碑店,2500-3300,http://bj.58.com/pinpaigongyu/29927075073990x.shtml
【整租】东坝 金隅汇景苑三区 2室1厅,金隅汇景苑三区,3900,http://bj.58.com/pinpaigongyu/30437753884488x.shtml
【合租】国贸 康惠园小区 3室主卧,康惠园小区,2000,http://bj.58.com/pinpaigongyu/30137062274102x.shtml
【合租】亚运村 安慧里五区 3室主卧,安慧里五区,2550,http://bj.58.com/pinpaigongyu/30179777764159x.shtml
【合租】双井 垂杨柳北里 3室次卧,垂杨柳北里,2700,http://bj.58.com/pinpaigongyu/30334344244673x.shtml
【整租】乐乎公寓 十里河 十里河店,十里河,3100-3500,http://bj.58.com/pinpaigongyu/30334110266812x.shtml
【整租】新华大街 潞河园 1室1厅,潞河园,2080,http://bj.58.com/pinpaigongyu/30335884117949x.shtml
【整租】国贸 条玛青年公寓 1室1厅,【整租】国贸,3500,http://bj.58.com/pinpaigongyu/29087737610806x.shtml
【整租】西红门 西红门乐乎城市青 1室1厅,西红门乐乎城市青,3290,http://bj.58.com/pinpaigongyu/30290458126660x.shtml
【合租】回龙观 公园悦府 3室主卧,公园悦府,2400,http://bj.58.com/pinpaigongyu/30445776183486x.shtml
【整租】双井 尚帝佳公寓 1室0厅,【整租】双井,2400,http://bj.58.com/pinpaigongyu/30443823499836x.shtml
【整租】沙河 恒大城 3室1厅,恒大城,3000,http://bj.58.com/pinpaigongyu/30344040517687x.shtml
【合租】后沙峪 中景江山赋 4室主卧,中景江山赋,2480,http://bj.58.com/pinpaigongyu/30400291593130x.shtml
【合租】回龙观 龙跃苑东五区 3室主卧,龙跃苑东五区,2360,http://bj.58.com/pinpaigongyu/30337063224776x.shtml
【整租】果园 怡乐园 1室1厅,怡乐园,3600,http://bj.58.com/pinpaigongyu/30222694520515x.shtml
【合租】西二旗 融泽嘉园8号院 2室主卧,融泽嘉园8号院,2180,http://bj.58.com/pinpaigongyu/30180559610826x.shtml
【整租】青遇home 双桥 青遇新动漫,双桥,2400,http://bj.58.com/pinpaigongyu/29978998417998x.shtml
【合租】后沙峪 双裕花园 3室主卧,双裕花园,2580,http://bj.58.com/pinpaigongyu/30303896537137x.shtml
【合租】芍药居 芍药居北里小区 3室主卧,芍药居北里小区,3000,http://bj.58.com/pinpaigongyu/30104568020416x.shtml
【合租】四季青 和泓四季 3室主卧,和泓四季,2500,http://bj.58.com/pinpaigongyu/30310614763332x.shtml
【整租】青遇home 高碑店 柒號大厦,高碑店,2500-3300,http://bj.58.com/pinpaigongyu/29927075073990x.shtml
【合租】望京 南湖西园 2室主卧,南湖西园,2200,http://bj.58.com/pinpaigongyu/30035778999977x.shtml
【整租】西北旺 大牛坊一期 1室1厅,大牛坊一期,3300,http://bj.58.com/pinpaigongyu/30171118036666x.shtml
【合租】清河 君安家园东区 3室次卧,君安家园东区,2080,http://bj.58.com/pinpaigongyu/30068097803207x.shtml
【合租】龙泽 融泽嘉园2号院 3室主卧,融泽嘉园2号院,2380,http://bj.58.com/pinpaigongyu/30099762030653x.shtml
【整租】乐乎公寓 十里河 十里河店,十里河,3100-3500,http://bj.58.com/pinpaigongyu/30334110266812x.shtml
【合租】回龙观 龙跃苑东五区 3室主卧,龙跃苑东五区,2150,http://bj.58.com/pinpaigongyu/30379060859049x.shtml
【合租】高碑店 兴隆家园北区 3室主卧,兴隆家园北区,2200,http://bj.58.com/pinpaigongyu/30377263757633x.shtml
【合租】常营 常营北辰福第 3室主卧,常营北辰福第,2530,http://bj.58.com/pinpaigongyu/30377430608964x.shtml
【合租】望京 华鼎世家 3室主卧,华鼎世家,2500,http://bj.58.com/pinpaigongyu/30447193500738x.shtml
【合租】回龙观 领秀慧谷 3室主卧,领秀慧谷,2500,http://bj.58.com/pinpaigongyu/30392116140219x.shtml
【合租】德胜门 马甸南村 3室次卧,马甸南村,2760,http://bj.58.com/pinpaigongyu/30431764662973x.shtml
【合租】六里桥 六里桥北里 3室次卧,六里桥北里,2500,http://bj.58.com/pinpaigongyu/30113322461125x.shtml
【整租】大望路 条玛青年公寓 1室0厅,【整租】大望路,2950,http://bj.58.com/pinpaigongyu/29417243766210x.shtml
【整租】九棵树 九棵树 1室1厅,九棵树,2080,http://bj.58.com/pinpaigongyu/30387913114064x.shtml
【合租】朝青板块 珠江罗马嘉园二期 3室主卧,珠江罗马嘉园二期,2170,http://bj.58.com/pinpaigongyu/30069070911665x.shtml
【整租】青遇home 双桥 青遇新动漫,双桥,2400,http://bj.58.com/pinpaigongyu/29978998417998x.shtml
【整租】西北旺 大牛坊一期 1室1厅,大牛坊一期,3300,http://bj.58.com/pinpaigongyu/30171118036666x.shtml
【合租】芍药居 芍药居北里小区 3室主卧,芍药居北里小区,2700,http://bj.58.com/pinpaigongyu/30004900034610x.shtml
【整租】东坝 金隅汇景苑 2室2厅,金隅汇景苑,3700,http://bj.58.com/pinpaigongyu/29660220918473x.shtml
【整租】青遇home 高碑店 柒號大厦,高碑店,2500-3300,http://bj.58.com/pinpaigongyu/29927075073990x.shtml
【合租】清河 君安家园东区 3室次卧,君安家园东区,2080,http://bj.58.com/pinpaigongyu/30068097803207x.shtml
【合租】龙泽 融泽嘉园2号院 3室主卧,融泽嘉园2号院,2380,http://bj.58.com/pinpaigongyu/30099762030653x.shtml
【合租】肖家河 肖家河回迁住宅( 3室主卧,肖家河回迁住宅(,2390,http://bj.58.com/pinpaigongyu/30104588772811x.shtml
【合租】常营 保利嘉园 4室主卧,保利嘉园,2480,http://bj.58.com/pinpaigongyu/30246199382589x.shtml
【整租】乐乎公寓 十里河 十里河店,十里河,3100-3500,http://bj.58.com/pinpaigongyu/30334110266812x.shtml
【整租】新宫 中福丽宫公寓 1室0厅,【整租】新宫,2500,http://bj.58.com/pinpaigongyu/30025116364862x.shtml
【合租】青塔 长安新城(大成南 4室主卧,长安新城(大成南,2200,http://bj.58.com/pinpaigongyu/30025963866801x.shtml
【合租】常营 保利嘉园 3室主卧,保利嘉园,2050,http://bj.58.com/pinpaigongyu/30377361365173x.shtml
【整租】百子湾 尚帝佳公寓 1室0厅,【整租】百子湾,3000,http://bj.58.com/pinpaigongyu/30443810480074x.shtml
【整租】双井 乐乎城市青年社区 1室1厅,【整租】双井,4000,http://bj.58.com/pinpaigongyu/30443840282410x.shtml
【合租】团结湖 呼家楼北里 3室主卧,呼家楼北里,2750,http://bj.58.com/pinpaigongyu/30391923353001x.shtml
【合租】回龙观 紫金新干线四区 3室主卧,紫金新干线四区,2099,http://bj.58.com/pinpaigongyu/30369517603657x.shtml
【合租】酒仙桥 怡思苑 3室主卧,怡思苑,2350,http://bj.58.com/pinpaigongyu/30388970151105x.shtml
【整租】双桥 传媒大学乐乎城市 1室1厅,传媒大学乐乎城市,2700,http://bj.58.com/pinpaigongyu/30413517332035x.shtml
【合租】清河 君安家园东区 3室次卧,君安家园东区,2280,http://bj.58.com/pinpaigongyu/30298940859706x.shtml
【整租】青遇home 双桥 青遇新动漫,双桥,2400,http://bj.58.com/pinpaigongyu/29978998417998x.shtml
【整租】东坝 丽湾家园 2室1厅,丽湾家园,3900,http://bj.58.com/pinpaigongyu/29529181059001x.shtml
【合租】九棵树 K2玉兰湾 5室主卧,K2玉兰湾,2600,http://bj.58.com/pinpaigongyu/30413206668862x.shtml
【合租】芍药居 芍药居北里小区 3室主卧,芍药居北里小区,2890,http://bj.58.com/pinpaigongyu/30292662577211x.shtml
【整租】青遇home 高碑店 柒號大厦,高碑店,2500-3300,http://bj.58.com/pinpaigongyu/29927075073990x.shtml
【合租】西二旗 领秀硅谷3区 5室主卧,领秀硅谷3区,2890,http://bj.58.com/pinpaigongyu/30410020683050x.shtml
【合租】亚运村 大屯里小区 3室主卧,大屯里小区,2800,http://bj.58.com/pinpaigongyu/30112202975147x.shtml
【合租】马连洼 肖家河新村(圆明 3室主卧,肖家河新村(圆明,2400,http://bj.58.com/pinpaigongyu/29989876570539x.shtml
【合租】望京 望京西园二区 3室主卧,望京西园二区,2850,http://bj.58.com/pinpaigongyu/30370714652744x.shtml
【整租】乐乎公寓 十里河 十里河店,十里河,3100-3500,http://bj.58.com/pinpaigongyu/30334110266812x.shtml
【整租】望京 香江北岸 1室0厅,香江北岸,3400,http://bj.58.com/pinpaigongyu/29982145466305x.shtml
【整租】沙河 保利罗兰香谷 2室1厅,保利罗兰香谷,3000,http://bj.58.com/pinpaigongyu/30281612928459x.shtml
【整租】双井 乐乎公寓 1室1厅,【整租】双井,4000,http://bj.58.com/pinpaigongyu/30443838219435x.shtml
【合租】定福庄 泰福苑一区 3室主卧,泰福苑一区,2230,http://bj.58.com/pinpaigongyu/30388466771402x.shtml
【整租】通州北苑 通州北苑乐乎城市 1室1厅,通州北苑乐乎城市,2300,http://bj.58.com/pinpaigongyu/30280260295749x.shtml
【合租】孙河 康营家园5区 3室主卧,康营家园5区,2200,http://bj.58.com/pinpaigongyu/30255296142652x.shtml
【合租】学院路 志新西路7号院 3室次卧,志新西路7号院,2760,http://bj.58.com/pinpaigongyu/30431827128528x.shtml
【合租】清河 美和园西区 3室主卧,美和园西区,2480,http://bj.58.com/pinpaigongyu/30381118570689x.shtml
【合租】百子湾 中水电小区 3室主卧,中水电小区,2500,http://bj.58.com/pinpaigongyu/30380898252110x.shtml
【整租】西北旺 大牛坊一期 2室1厅,大牛坊一期,3700,http://bj.58.com/pinpaigongyu/30321183953324x.shtml
【整租】青遇home 双桥 青遇新动漫,双桥,2400,http://bj.58.com/pinpaigongyu/29978998417998x.shtml
【整租】西北旺 大牛坊二期 1室1厅,大牛坊二期,3500,http://bj.58.com/pinpaigongyu/30126723596844x.shtml
【合租】朝青板块 青年汇佳园 3室主卧,青年汇佳园,2100,http://bj.58.com/pinpaigongyu/29551888732211x.shtml
【合租】西二旗 融泽嘉园8号院 2室主卧,融泽嘉园8号院,2180,http://bj.58.com/pinpaigongyu/30180559610826x.shtml
【整租】青遇home 高碑店 柒號大厦,高碑店,2500-3300,http://bj.58.com/pinpaigongyu/29927075073990x.shtml
【合租】后沙峪 双裕花园 3室主卧,双裕花园,2580,http://bj.58.com/pinpaigongyu/30303896537137x.shtml
【合租】芍药居 芍药居北里小区 3室主卧,芍药居北里小区,3000,http://bj.58.com/pinpaigongyu/30104568020416x.shtml
【合租】四季青 和泓四季 3室主卧,和泓四季,2500,http://bj.58.com/pinpaigongyu/30310614763332x.shtml
【整租】垡头 金蝉欢乐园 1室0厅,金蝉欢乐园,2780,http://bj.58.com/pinpaigongyu/29007349789644x.shtml
【整租】乐乎公寓 十里河 十里河店,十里河,3100-3500,http://bj.58.com/pinpaigongyu/30334110266812x.shtml
【合租】望京 南湖东园二区 3室主卧,南湖东园二区,2280,http://bj.58.com/pinpaigongyu/30447035353034x.shtml
【合租】西二旗 润中苑 3室主卧,润中苑,2150,http://bj.58.com/pinpaigongyu/30446057719619x.shtml
【整租】新华大街 新华大街 1室1厅,新华大街,2080,http://bj.58.com/pinpaigongyu/30409946881090x.shtml
【整租】四惠 乐乎城市青年社区 1室0厅,【整租】四惠,2519,http://bj.58.com/pinpaigongyu/30443839277136x.shtml
【整租】沙河 恒大城 3室1厅,恒大城,3200,http://bj.58.com/pinpaigongyu/30453874158131x.shtml
【整租】沙河 兆丰家园西区 2室2厅,兆丰家园西区,2999,http://bj.58.com/pinpaigongyu/30234385536331x.shtml
【整租】九棵树 九棵树 1室1厅,九棵树,2080,http://bj.58.com/pinpaigongyu/30354999860176x.shtml
【合租】学院路 卧虎桥甲6号院 3室次卧,卧虎桥甲6号院,2480,http://bj.58.com/pinpaigongyu/30443338012487x.shtml
【整租】梨园 梨园东里 1室1厅,梨园东里,2080,http://bj.58.com/pinpaigongyu/30335739805498x.shtml
【合租】四季青 和泓四季 3室主卧,和泓四季,2500,http://bj.58.com/pinpaigongyu/30310614763332x.shtml
【整租】青遇home 双桥 青遇新动漫,双桥,2400,http://bj.58.com/pinpaigongyu/29978998417998x.shtml
【合租】朝青板块 珠江罗马嘉园二期 3室主卧,珠江罗马嘉园二期,2170,http://bj.58.com/pinpaigongyu/30069070911665x.shtml
【整租】东坝 金隅汇景苑 2室2厅,金隅汇景苑,3800,http://bj.58.com/pinpaigongyu/29901125416245x.shtml
【合租】望京 南湖西园 2室主卧,南湖西园,2200,http://bj.58.com/pinpaigongyu/30035778999977x.shtml
【整租】青遇home 高碑店 柒號大厦,高碑店,2500-3300,http://bj.58.com/pinpaigongyu/29927075073990x.shtml
【合租】芍药居 芍药居北里小区 3室主卧,芍药居北里小区,2700,http://bj.58.com/pinpaigongyu/30004900034610x.shtml
【整租】东坝 保利首开天誉 2室1厅,保利首开天誉,4000,http://bj.58.com/pinpaigongyu/29143154324798x.shtml
【整租】东坝 金隅汇景苑 2室2厅,金隅汇景苑,3700,http://bj.58.com/pinpaigongyu/29660220918473x.shtml
【合租】亚运村 嘉铭桐城C区 3室主卧,嘉铭桐城C区,3500,http://bj.58.com/pinpaigongyu/29959653879995x.shtml
【整租】乐乎公寓 十里河 十里河店,十里河,3100-3500,http://bj.58.com/pinpaigongyu/30334110266812x.shtml
【整租】管庄 通盛公寓 1室0厅,【整租】管庄,2600,http://bj.58.com/pinpaigongyu/30443259354556x.shtml
【整租】百子湾 双桥公寓 1室0厅,【整租】百子湾,2000,http://bj.58.com/pinpaigongyu/30110877389865x.shtml
【合租】望京 康营小区12期 3室主卧,康营小区12期,2000,http://bj.58.com/pinpaigongyu/30444576151738x.shtml
【整租】十里河 十里河乐乎城市青 1室1厅,十里河乐乎城市青,3100,http://bj.58.com/pinpaigongyu/30387726083000x.shtml
【合租】回龙观 公园悦府 3室主卧,公园悦府,2530,http://bj.58.com/pinpaigongyu/30445774589237x.shtml
【整租】沙河 恒大城 2室1厅,恒大城,2900,http://bj.58.com/pinpaigongyu/30299729590967x.shtml
【合租】石佛营 晨光家园 3室主卧,晨光家园,2500,http://bj.58.com/pinpaigongyu/30447379804751x.shtml
【整租】双井 乐乎公寓 1室1厅,【整租】双井,3999,http://bj.58.com/pinpaigongyu/30421059759556x.shtml
【合租】京广桥 朝外化石营小区 3室主卧,朝外化石营小区,3000,http://bj.58.com/pinpaigongyu/30391924133567x.shtml
【整租】天竺 会展誉景 2室1厅,会展誉景,2400,http://bj.58.com/pinpaigongyu/29760922345523x.shtml
【整租】青遇home 双桥 青遇新动漫,双桥,2400,http://bj.58.com/pinpaigongyu/29978998417998x.shtml
【合租】马连洼 裕祺隆园 3室次卧,裕祺隆园,2590,http://bj.58.com/pinpaigongyu/30377414016308x.shtml
【整租】西北旺 大牛坊一期 1室1厅,大牛坊一期,3700,http://bj.58.com/pinpaigongyu/30248316334287x.shtml
【整租】科技园区 白盆窑天兴家园 1室1厅,白盆窑天兴家园,3580,http://bj.58.com/pinpaigongyu/29738465937474x.shtml
【整租】青遇home 高碑店 柒號大厦,高碑店,2500-3300,http://bj.58.com/pinpaigongyu/29927075073990x.shtml
【合租】北苑 佳兴园 3室主卧,佳兴园,2200,http://bj.58.com/pinpaigongyu/29053623352233x.shtml
【合租】国贸 康惠园小区 3室主卧,康惠园小区,2000,http://bj.58.com/pinpaigongyu/30137062274102x.shtml
【合租】亚运村 安慧里五区 3室主卧,安慧里五区,2550,http://bj.58.com/pinpaigongyu/30179777764159x.shtml
【整租】西北旺 大牛坊一期 1室1厅,大牛坊一期,3200,http://bj.58.com/pinpaigongyu/30001367759565x.shtml
【整租】乐乎公寓 十里河 十里河店,十里河,3100-3500,http://bj.58.com/pinpaigongyu/30334110266812x.shtml
【合租】亚运村小营 嘉铭桐城A区 3室主卧,嘉铭桐城A区,2500,http://bj.58.com/pinpaigongyu/30389081923241x.shtml
【整租】沙河 恒大城 2室1厅,恒大城,2900,http://bj.58.com/pinpaigongyu/30332566059831x.shtml
【整租】四惠 海纳公寓 1室0厅,【整租】四惠,2400,http://bj.58.com/pinpaigongyu/30354719573198x.shtml
【整租】沙河 兆丰家园西区 2室1厅,兆丰家园西区,3000,http://bj.58.com/pinpaigongyu/30234427370826x.shtml
【整租】高碑店 海纳公寓 1室0厅,【整租】高碑店,2500,http://bj.58.com/pinpaigongyu/30354586338373x.shtml
【合租】回龙观 昌平路380号院 3室主卧,昌平路380号院,2290,http://bj.58.com/pinpaigongyu/30233296027600x.shtml
【整租】沙河 恒大城 2室1厅,恒大城,2900,http://bj.58.com/pinpaigongyu/30312867101746x.shtml
【整租】沙河 恒大城 2室1厅,恒大城,2900,http://bj.58.com/pinpaigongyu/30320812787533x.shtml
【合租】回龙观 昌平路380号院 3室主卧,昌平路380号院,2000,http://bj.58.com/pinpaigongyu/30259628243391x.shtml
【合租】回龙观 融泽嘉园二号院 3室次卧,融泽嘉园二号院,2180,http://bj.58.com/pinpaigongyu/30276995182385x.shtml
【整租】青遇home 双桥 青遇新动漫,双桥,2400,http://bj.58.com/pinpaigongyu/29978998417998x.shtml
【合租】芍药居 吉利家园 3室主卧,吉利家园,2800,http://bj.58.com/pinpaigongyu/29958554072747x.shtml
【合租】花家地 花家地西里 3室主卧,花家地西里,2300,http://bj.58.com/pinpaigongyu/30136322833733x.shtml
【合租】西北旺 百旺新城冬晴园 3室主卧,百旺新城冬晴园,2390,http://bj.58.com/pinpaigongyu/30115844525356x.shtml
【整租】青遇home 高碑店 柒號大厦,高碑店,2500-3300,http://bj.58.com/pinpaigongyu/29927075073990x.shtml
【合租】九棵树 K2玉兰湾 5室主卧,K2玉兰湾,2400,http://bj.58.com/pinpaigongyu/30080413921351x.shtml
【整租】东坝 丽湾家园 2室1厅,丽湾家园,3900,http://bj.58.com/pinpaigongyu/29529350978998x.shtml
【合租】龙泽 融泽嘉园2号院 3室主卧,融泽嘉园2号院,2280,http://bj.58.com/pinpaigongyu/30093941583694x.shtml
【合租】四季青 和泓四季 3室主卧,和泓四季,2400,http://bj.58.com/pinpaigongyu/30113546401993x.shtml
【整租】乐乎公寓 十里河 十里河店,十里河,3100-3500,http://bj.58.com/pinpaigongyu/30334110266812x.shtml
【整租】青塔 青塔春园 1室1厅,青塔春园,3200,http://bj.58.com/pinpaigongyu/30111351210412x.shtml
【合租】安贞 仟村商务楼 3室次卧,仟村商务楼,2980,http://bj.58.com/pinpaigongyu/30388466251850x.shtml
【整租】角门 乐乎城市青年社区 1室0厅,【整租】角门,3200,http://bj.58.com/pinpaigongyu/30387743281614x.shtml
【整租】大望路 乐乎城市青年社区 1室1厅,【整租】大望路,2600,http://bj.58.com/pinpaigongyu/30171241634248x.shtml
【整租】通州北苑 通州北苑乐乎城市 1室1厅,通州北苑乐乎城市,2199,http://bj.58.com/pinpaigongyu/30290446529343x.shtml
【合租】高碑店 北花园小区 3室次卧,北花园小区,2360,http://bj.58.com/pinpaigongyu/30367925200955x.shtml
【整租】劲松 条玛青年公寓 1室1厅,【整租】劲松,3500,http://bj.58.com/pinpaigongyu/29639552286652x.shtml
【合租】望京 康营家园15期 3室主卧,康营家园15期,2200,http://bj.58.com/pinpaigongyu/30432324718394x.shtml
【整租】沙河 恒大城 2室1厅,恒大城,2900,http://bj.58.com/pinpaigongyu/30454167552693x.shtml
【合租】北苑 绣菊园南区 3室主卧,绣菊园南区,2500,http://bj.58.com/pinpaigongyu/30144926493355x.shtml
【整租】青遇home 双桥 青遇新动漫,双桥,2400,http://bj.58.com/pinpaigongyu/29978998417998x.shtml
【整租】东坝 保利首开天誉 2室2厅,保利首开天誉,3900,http://bj.58.com/pinpaigongyu/30199806628152x.shtml
【合租】中央别墅区 江山赋 3室主卧,江山赋,2760,http://bj.58.com/pinpaigongyu/30303952310321x.shtml
【合租】双桥 金隅康惠园 3室主卧,金隅康惠园,2580,http://bj.58.com/pinpaigongyu/30191449119281x.shtml
【整租】青遇home 高碑店 柒號大厦,高碑店,2500-3300,http://bj.58.com/pinpaigongyu/29927075073990x.shtml
【合租】惠新西街 安苑里 4室主卧,安苑里,3000,http://bj.58.com/pinpaigongyu/28534259207348x.shtml
【整租】西北旺 大牛坊一期 1室1厅,大牛坊一期,3500,http://bj.58.com/pinpaigongyu/30167179919817x.shtml
【合租】马连洼 春晖园 4室次卧,春晖园,2590,http://bj.58.com/pinpaigongyu/30038982721593x.shtml
【合租】双井 垂杨柳北里 3室主卧,垂杨柳北里,2470,http://bj.58.com/pinpaigongyu/30333471760170x.shtml
【整租】乐乎公寓 十里河 十里河店,十里河,3100-3500,http://bj.58.com/pinpaigongyu/30334110266812x.shtml
【合租】四惠 碧水星阁 3室主卧,碧水星阁,2000,http://bj.58.com/pinpaigongyu/30447291299782x.shtml
【整租】马家堡 中福丽宫 1室0厅,中福丽宫,2600,http://bj.58.com/pinpaigongyu/30025391729351x.shtml
【整租】望京 香江北岸 1室0厅,香江北岸,3400,http://bj.58.com/pinpaigongyu/30310614349484x.shtml
【合租】太阳宫 红玺台 3室主卧,红玺台,2700,http://bj.58.com/pinpaigongyu/30388676081729x.shtml
【整租】芍药居 乐乎城市青年社区 1室1厅,【整租】芍药居,2999,http://bj.58.com/pinpaigongyu/30389245030059x.shtml
【合租】物资学院路 新建村 3室次卧,新建村,2060,http://bj.58.com/pinpaigongyu/30113362233281x.shtml
【合租】西二旗 金域华府 3室主卧,金域华府,2380,http://bj.58.com/pinpaigongyu/30387735185476x.shtml
【整租】大望路 条玛青年公寓 1室0厅,【整租】大望路,2950,http://bj.58.com/pinpaigongyu/29747055400394x.shtml
【合租】龙泽 新龙城 3室主卧,新龙城,2400,http://bj.58.com/pinpaigongyu/30337287757384x.shtml
【整租】东坝 金隅汇景苑 2室1厅,金隅汇景苑,4000,http://bj.58.com/pinpaigongyu/29529140663852x.shtml
【整租】青遇home 双桥 青遇新动漫,双桥,2400,http://bj.58.com/pinpaigongyu/29978998417998x.shtml
【合租】西二旗 融泽嘉园8号院 3室主卧,融泽嘉园8号院,2380,http://bj.58.com/pinpaigongyu/30055668873268x.shtml
【整租】西北旺 六里屯二区 1室1厅,六里屯二区,3700,http://bj.58.com/pinpaigongyu/30255599330636x.shtml
【整租】东坝 金驹家园 2室1厅,金驹家园,3500,http://bj.58.com/pinpaigongyu/30437203209394x.shtml
【整租】青遇home 高碑店 柒號大厦,高碑店,2500-3300,http://bj.58.com/pinpaigongyu/29927075073990x.shtml
【合租】亚运村小营 嘉铭桐城B区 2室主卧,嘉铭桐城B区,2500,http://bj.58.com/pinpaigongyu/30093239192505x.shtml
【整租】西北旺 大牛坊二期 1室1厅,大牛坊二期,3500,http://bj.58.com/pinpaigongyu/30103908919754x.shtml
【整租】西北旺 大牛坊一期 1室1厅,大牛坊一期,3400,http://bj.58.com/pinpaigongyu/29968824268862x.shtml
【合租】四季青 和泓四季 3室主卧,和泓四季,2400,http://bj.58.com/pinpaigongyu/30188291479465x.shtml
【整租】乐乎公寓 十里河 十里河店,十里河,3100-3500,http://bj.58.com/pinpaigongyu/30334110266812x.shtml
【合租】方庄 芳群园四区 3室主卧,芳群园四区,2000,http://bj.58.com/pinpaigongyu/30378626741831x.shtml
【合租】孙河 康营家园6期 3室主卧,康营家园6期,2000,http://bj.58.com/pinpaigongyu/30387910479947x.shtml
【合租】劲松 华腾园 3室主卧,华腾园,2200,http://bj.58.com/pinpaigongyu/30376996491715x.shtml
【整租】沙河 恒大城 2室1厅,恒大城,2800,http://bj.58.com/pinpaigongyu/30391046188479x.shtml
【合租】望京 宝星园 3室主卧,宝星园,2550,http://bj.58.com/pinpaigongyu/30447080846142x.shtml
【合租】青塔 天鸿美域北区 4室主卧,天鸿美域北区,2200,http://bj.58.com/pinpaigongyu/30117337832889x.shtml
【合租】马家堡 明日嘉园 3室主卧,明日嘉园,2530,http://bj.58.com/pinpaigongyu/30391430983230x.shtml
【整租】四惠 乐乎城市青年公寓 1室1厅,【整租】四惠,2669,http://bj.58.com/pinpaigongyu/30411436806316x.shtml
【合租】刘家窑 刘家窑南里 3室主卧,刘家窑南里,2650,http://bj.58.com/pinpaigongyu/30378623794613x.shtml
【整租】西北旺 大牛坊二期 1室1厅,大牛坊二期,3500,http://bj.58.com/pinpaigongyu/30103908919754x.shtml
【整租】青遇home 双桥 青遇新动漫,双桥,2400,http://bj.58.com/pinpaigongyu/29978998417998x.shtml
【合租】四季青 和泓四季 3室主卧,和泓四季,2400,http://bj.58.com/pinpaigongyu/30188291479465x.shtml
【合租】龙泽 融泽嘉园2号院 3室次卧,融泽嘉园2号院,2080,http://bj.58.com/pinpaigongyu/30099905286344x.shtml
【合租】亚运村 安慧北里秀园 3室主卧,安慧北里秀园,2399,http://bj.58.com/pinpaigongyu/28708315197769x.shtml
【整租】青遇home 高碑店 柒號大厦,高碑店,2500-3300,http://bj.58.com/pinpaigongyu/29927075073990x.shtml
【合租】九棵树 K2玉兰湾 4室主卧,K2玉兰湾,2100,http://bj.58.com/pinpaigongyu/30413275514181x.shtml
【合租】肖家河 肖家河回迁住宅( 3室次卧,肖家河回迁住宅(,2190,http://bj.58.com/pinpaigongyu/30044984548280x.shtml
【合租】朝青板块 雅成一里 3室主卧,雅成一里,2780,http://bj.58.com/pinpaigongyu/30434940158792x.shtml
【合租】北苑 北卫新园 3室主卧,北卫新园,2600,http://bj.58.com/pinpaigongyu/29639193148610x.shtml
【整租】乐乎公寓 十里河 十里河店,十里河,3100-3500,http://bj.58.com/pinpaigongyu/30334110266812x.shtml
【整租】通州北苑 通州北苑乐乎城市 1室1厅,通州北苑乐乎城市,2200,http://bj.58.com/pinpaigongyu/30453786867144x.shtml
【合租】回龙观 流星花园一区(公 3室主卧,流星花园一区(公,2100,http://bj.58.com/pinpaigongyu/30445680900808x.shtml
【整租】亦庄 乐乎城市青年社区 1室1厅,【整租】亦庄,3100,http://bj.58.com/pinpaigongyu/30313010045753x.shtml
【合租】牡丹园 牡丹园东里 3室次卧,牡丹园东里,2890,http://bj.58.com/pinpaigongyu/30421536458430x.shtml
【合租】马家堡 星河苑1号院 3室主卧,星河苑1号院,2500,http://bj.58.com/pinpaigongyu/30379394354994x.shtml
【合租】回龙观 龙腾苑四区 3室主卧,龙腾苑四区,2450,http://bj.58.com/pinpaigongyu/29989553411408x.shtml
【合租】六里桥 莲香园 3室主卧,莲香园,2580,http://bj.58.com/pinpaigongyu/30388206231998x.shtml
【合租】后沙峪 蓝星花园 3室主卧,蓝星花园,2000,http://bj.58.com/pinpaigongyu/30368083210793x.shtml
【合租】方庄 方庄南路18号院 3室主卧,方庄南路18号院,2250,http://bj.58.com/pinpaigongyu/30380308517712x.shtml
【整租】黄村 佟家园小区 2室1厅,佟家园小区,3200,http://bj.58.com/pinpaigongyu/30421421494351x.shtml
【整租】青遇home 双桥 青遇新动漫,双桥,2400,http://bj.58.com/pinpaigongyu/29978998417998x.shtml
【整租】东坝 北京城建福润四季 2室1厅,北京城建福润四季,3800,http://bj.58.com/pinpaigongyu/30258723475405x.shtml
【整租】东坝 金隅汇景苑 2室2厅,金隅汇景苑,3900,http://bj.58.com/pinpaigongyu/30156916675905x.shtml
【合租】芍药居 芍药居小区 3室主卧,芍药居小区,2850,http://bj.58.com/pinpaigongyu/29959494206287x.shtml
【整租】青遇home 高碑店 柒號大厦,高碑店,2500-3300,http://bj.58.com/pinpaigongyu/29927075073990x.shtml
【整租】马连道 茗筑大厦 1室1厅,茗筑大厦,2600,http://bj.58.com/pinpaigongyu/30345539924536x.shtml
【合租】芍药居 圣馨家园 3室主卧,圣馨家园,2460,http://bj.58.com/pinpaigongyu/30325804679998x.shtml
【合租】回龙观 融泽嘉园六号院( 3室次卧,融泽嘉园六号院(,2080,http://bj.58.com/pinpaigongyu/30332309158329x.shtml
【合租】垡头 世纪东方嘉园南区 5室次卧,世纪东方嘉园南区,2080,http://bj.58.com/pinpaigongyu/30178145190967x.shtml
【整租】乐乎公寓 十里河 十里河店,十里河,3100-3500,http://bj.58.com/pinpaigongyu/30334110266812x.shtml
【合租】后沙峪 蓝星花园 3室主卧,蓝星花园,2000,http://bj.58.com/pinpaigongyu/30368083210793x.shtml
【合租】方庄 方庄南路18号院 3室主卧,方庄南路18号院,2250,http://bj.58.com/pinpaigongyu/30380308517712x.shtml
【合租】回龙观 昌平路380号院 3室主卧,昌平路380号院,2100,http://bj.58.com/pinpaigongyu/30210824224843x.shtml
【合租】大望路 风度柏林 3室主卧,风度柏林,2500,http://bj.58.com/pinpaigongyu/30388104377160x.shtml
【合租】四惠 东恒时代一期 3室主卧,东恒时代一期,3100,http://bj.58.com/pinpaigongyu/30380148133191x.shtml
【合租】上地 怡美家园 3室主卧,怡美家园,2440,http://bj.58.com/pinpaigongyu/30381119681331x.shtml
【整租】角门 公益西桥乐乎城市 1室1厅,公益西桥乐乎城市,3200,http://bj.58.com/pinpaigongyu/30423424405839x.shtml
【整租】高碑店 通盛公寓 1室0厅,【整租】高碑店,2500,http://bj.58.com/pinpaigongyu/30454257618893x.shtml
【合租】回龙观 龙回苑 3室主卧,龙回苑,2250,http://bj.58.com/pinpaigongyu/30445677763001x.shtml
【整租】东坝 金隅汇景苑 2室2厅,金隅汇景苑,3900,http://bj.58.com/pinpaigongyu/30156916675905x.shtml
【整租】青遇home 双桥 青遇新动漫,双桥,2400,http://bj.58.com/pinpaigongyu/29978998417998x.shtml
【合租】中关村 环保嘉苑 4室次卧,环保嘉苑,2090,http://bj.58.com/pinpaigongyu/30399852810038x.shtml
【整租】马连道 茗筑大厦 1室1厅,茗筑大厦,2600,http://bj.58.com/pinpaigongyu/30345539924536x.shtml
【合租】芍药居 圣馨家园 3室主卧,圣馨家园,2460,http://bj.58.com/pinpaigongyu/30325804679998x.shtml
【整租】青遇home 高碑店 柒號大厦,高碑店,2500-3300,http://bj.58.com/pinpaigongyu/29927075073990x.shtml
【合租】垡头 世纪东方嘉园南区 5室次卧,世纪东方嘉园南区,2080,http://bj.58.com/pinpaigongyu/30178145190967x.shtml
【整租】东坝 保利首开天誉 2室1厅,保利首开天誉,3800,http://bj.58.com/pinpaigongyu/29916525457345x.shtml
【合租】芍药居 芍药居甲2号院小 3室主卧,芍药居甲2号院小,3200,http://bj.58.com/pinpaigongyu/29174334867373x.shtml
【合租】北苑 城锦苑 3室次卧,城锦苑,2599,http://bj.58.com/pinpaigongyu/29960510709292x.shtml
【整租】乐乎公寓 十里河 十里河店,十里河,3100-3500,http://bj.58.com/pinpaigongyu/30334110266812x.shtml
【整租】十里河 十里河乐乎城市青 1室1厅,十里河乐乎城市青,3500,http://bj.58.com/pinpaigongyu/30299097831622x.shtml
【整租】中央别墅区 东亚创展国际 1室1厅,东亚创展国际,4000,http://bj.58.com/pinpaigongyu/30410384069321x.shtml
【合租】回龙观 龙腾苑五区 3室主卧,龙腾苑五区,2300,http://bj.58.com/pinpaigongyu/30232857540905x.shtml
【整租】立水桥 立水桥乐乎城市青 1室1厅,立水桥乐乎城市青,3100,http://bj.58.com/pinpaigongyu/30387763514555x.shtml
【合租】定福庄 珠江绿洲家园 4室主卧,珠江绿洲家园,2600,http://bj.58.com/pinpaigongyu/30424131339470x.shtml
【整租】西红门 西红门乐乎城市青 1室1厅,西红门乐乎城市青,3290,http://bj.58.com/pinpaigongyu/30299099877441x.shtml
【整租】望京 香江北岸 1室1厅,香江北岸,3500,http://bj.58.com/pinpaigongyu/30414982881987x.shtml
【整租】西红门 星光影视园区 1室1厅,星光影视园区,2590,http://bj.58.com/pinpaigongyu/30387748240707x.shtml
【合租】牡丹园 花园路丙28号院 3室主卧,花园路丙28号院,3860,http://bj.58.com/pinpaigongyu/30421323213620x.shtml
【整租】东坝 金隅汇景苑 2室1厅,金隅汇景苑,3900,http://bj.58.com/pinpaigongyu/29538747095609x.shtml
【整租】青遇home 双桥 青遇新动漫,双桥,2400,http://bj.58.com/pinpaigongyu/29978998417998x.shtml
【合租】亚运村 安慧里一区 3室主卧,安慧里一区,2800,http://bj.58.com/pinpaigongyu/30379269300780x.shtml
【合租】龙泽 融泽嘉园一号院 3室主卧,融泽嘉园一号院,2280,http://bj.58.com/pinpaigongyu/30166498818495x.shtml
【合租】双桥 远洋一方润园西北 2室主卧,远洋一方润园西北,2180,http://bj.58.com/pinpaigongyu/30433879671882x.shtml
【整租】青遇home 高碑店 柒號大厦,高碑店,2500-3300,http://bj.58.com/pinpaigongyu/29927075073990x.shtml
【合租】十里堡 青年路小区 3室主卧,青年路小区,2150,http://bj.58.com/pinpaigongyu/29561106295103x.shtml
【合租】朝青板块 朝阳雅筑 3室主卧,朝阳雅筑,2080,http://bj.58.com/pinpaigongyu/30069030828623x.shtml
【合租】十里堡 青年路小区 3室主卧,青年路小区,2170,http://bj.58.com/pinpaigongyu/29561040501190x.shtml
【合租】亚运村 干杨树甲16号院 4室主卧,干杨树甲16号院,2600,http://bj.58.com/pinpaigongyu/30358368593744x.shtml
【整租】乐乎公寓 十里河 十里河店,十里河,3100-3500,http://bj.58.com/pinpaigongyu/30334110266812x.shtml
【整租】四惠 四惠 乐乎城市青 1室1厅,四惠,2589,http://bj.58.com/pinpaigongyu/30301215251536x.shtml
【整租】沙河 恒大城 2室1厅,恒大城,2800,http://bj.58.com/pinpaigongyu/30400386133562x.shtml
【合租】天通苑 天通东苑一区 3室主卧,天通东苑一区,2650,http://bj.58.com/pinpaigongyu/30368747980970x.shtml
【合租】双桥 水岸双桥 3室主卧,水岸双桥,2100,http://bj.58.com/pinpaigongyu/30379830276813x.shtml
【合租】北苑 时代庄园 3室主卧,时代庄园,2360,http://bj.58.com/pinpaigongyu/30378560844341x.shtml
【整租】通州北苑 通州北苑乐乎城市 1室1厅,通州北苑乐乎城市,2200,http://bj.58.com/pinpaigongyu/30453797217716x.shtml
【整租】三元桥 芍药居乐乎城市青 1室1厅,芍药居乐乎城市青,3100,http://bj.58.com/pinpaigongyu/30387679222188x.shtml
【整租】同兴园 中福丽宫 1室0厅,中福丽宫,2600,http://bj.58.com/pinpaigongyu/30025609552065x.shtml
【合租】六里桥 莲怡园一区 3室主卧,莲怡园一区,2500,http://bj.58.com/pinpaigongyu/30388207099200x.shtml
【合租】双桥 远洋一方润园西北 2室主卧,远洋一方润园西北,2180,http://bj.58.com/pinpaigongyu/30433879671882x.shtml
【整租】青遇home 双桥 青遇新动漫,双桥,2400,http://bj.58.com/pinpaigongyu/29978998417998x.shtml
【合租】十里堡 青年路小区 3室主卧,青年路小区,2150,http://bj.58.com/pinpaigongyu/29561106295103x.shtml
【合租】朝青板块 朝阳雅筑 3室主卧,朝阳雅筑,2080,http://bj.58.com/pinpaigongyu/30069030828623x.shtml
【合租】十里堡 青年路小区 3室主卧,青年路小区,2170,http://bj.58.com/pinpaigongyu/29561040501190x.shtml
【整租】青遇home 高碑店 柒號大厦,高碑店,2500-3300,http://bj.58.com/pinpaigongyu/29927075073990x.shtml
【整租】西北旺 大牛坊二期 1室0厅,大牛坊二期,3400,http://bj.58.com/pinpaigongyu/30348365647539x.shtml
【合租】肖家河 肖家河回迁住宅( 3室主卧,肖家河回迁住宅(,2400,http://bj.58.com/pinpaigongyu/29990520900276x.shtml
【整租】东坝 金隅汇景苑四区 2室2厅,金隅汇景苑四区,3900,http://bj.58.com/pinpaigongyu/30214683577284x.shtml
【合租】九棵树 K2玉兰湾 5室主卧,K2玉兰湾,2600,http://bj.58.com/pinpaigongyu/30310934163011x.shtml
【整租】乐乎公寓 十里河 十里河店,十里河,3100-3500,http://bj.58.com/pinpaigongyu/30334110266812x.shtml
【合租】双桥 水岸双桥 3室主卧,水岸双桥,2000,http://bj.58.com/pinpaigongyu/30379832773443x.shtml
【合租】回龙观 公园悦府 3室主卧,公园悦府,2060,http://bj.58.com/pinpaigongyu/30312553823039x.shtml
【整租】定福庄 条玛青年公寓 1室1厅,【整租】定福庄,2700,http://bj.58.com/pinpaigongyu/30339696266178x.shtml
【合租】德胜门 德胜里一区 3室主卧,德胜里一区,3490,http://bj.58.com/pinpaigongyu/30333081836610x.shtml
【整租】双桥 双桥公寓 1室0厅,【整租】双桥,2000,http://bj.58.com/pinpaigongyu/30100336009651x.shtml
【整租】四惠 东星时尚广场 1室1厅,东星时尚广场,3250,http://bj.58.com/pinpaigongyu/29161348399685x.shtml
【合租】德胜门 新风北街小区 3室次卧,新风北街小区,2830,http://bj.58.com/pinpaigongyu/30431708839631x.shtml
【合租】大望路 珠江帝景 5室次卧,珠江帝景,2900,http://bj.58.com/pinpaigongyu/30247941667386x.shtml
【整租】九棵树 九棵树家园 1室1厅,九棵树家园,2080,http://bj.58.com/pinpaigongyu/30432043686464x.shtml
【合租】惠新西街 安苑北里 3室次卧,安苑北里,2500,http://bj.58.com/pinpaigongyu/29571963313990x.shtml
【整租】青遇home 双桥 青遇新动漫,双桥,2400,http://bj.58.com/pinpaigongyu/29978998417998x.shtml
【合租】管庄 北京新天地西区 3室主卧,北京新天地西区,2980,http://bj.58.com/pinpaigongyu/30156880875072x.shtml
【合租】芍药居 芍药居北里小区 3室主卧,芍药居北里小区,2790,http://bj.58.com/pinpaigongyu/30204909722182x.shtml
【整租】东坝 北京城建福润四季 2室2厅,北京城建福润四季,3600,http://bj.58.com/pinpaigongyu/30235375148093x.shtml
【整租】青遇home 高碑店 柒號大厦,高碑店,2500-3300,http://bj.58.com/pinpaigongyu/29927075073990x.shtml
【整租】东坝 北京城建福润四季 2室1厅,北京城建福润四季,3800,http://bj.58.com/pinpaigongyu/29559105483971x.shtml
【合租】崇文门 新景家园西区 1室主卧,新景家园西区,2200,http://bj.58.com/pinpaigongyu/30310391480247x.shtml
【合租】方庄 金第润苑 3室次卧,金第润苑,2000,http://bj.58.com/pinpaigongyu/30190515816628x.shtml
【整租】西北旺 大牛坊一期 1室0厅,大牛坊一期,3400,http://bj.58.com/pinpaigongyu/29968825534533x.shtml
【整租】乐乎公寓 十里河 十里河店,十里河,3100-3500,http://bj.58.com/pinpaigongyu/30334110266812x.shtml
【整租】九棵树 九棵树家园 1室1厅,九棵树家园,2080,http://bj.58.com/pinpaigongyu/30432043686464x.shtml
【整租】东坝 东泽园 2室2厅,东泽园,4000,http://bj.58.com/pinpaigongyu/30346208858289x.shtml
【整租】大望路 乐乎城市青年社区 1室1厅,【整租】大望路,2599,http://bj.58.com/pinpaigongyu/30332352261059x.shtml
【整租】东坝 保利首开天誉 2室2厅,保利首开天誉,4000,http://bj.58.com/pinpaigongyu/30255856493362x.shtml
【合租】回龙观 流星花园一区(公 3室主卧,流星花园一区(公,2000,http://bj.58.com/pinpaigongyu/30445681958966x.shtml
【整租】沙河 恒大城 2室1厅,恒大城,3000,http://bj.58.com/pinpaigongyu/30278373546296x.shtml
【合租】定福庄 珠江绿洲家园 4室次卧,珠江绿洲家园,2400,http://bj.58.com/pinpaigongyu/30279699306684x.shtml
【合租】回龙观 和谐家园一区 4室主卧,和谐家园一区,2488,http://bj.58.com/pinpaigongyu/30389963580234x.shtml
【整租】沙河 恒大城 2室1厅,恒大城,2900,http://bj.58.com/pinpaigongyu/30425513982925x.shtml
【整租】西北旺 大牛坊一期 1室0厅,大牛坊一期,3400,http://bj.58.com/pinpaigongyu/29968825534533x.shtml
【整租】青遇home 双桥 青遇新动漫,双桥,2400,http://bj.58.com/pinpaigongyu/29978998417998x.shtml
【整租】东坝 北京城建福润四季 2室1厅,北京城建福润四季,3500,http://bj.58.com/pinpaigongyu/30354566849723x.shtml
【整租】东坝 金隅汇景苑 2室1厅,金隅汇景苑,3900,http://bj.58.com/pinpaigongyu/29834931467451x.shtml
【合租】中关村 天秀花园安和园 3室次卧,天秀花园安和园,2390,http://bj.58.com/pinpaigongyu/30401830198972x.shtml
【整租】青遇home 高碑店 柒號大厦,高碑店,2500-3300,http://bj.58.com/pinpaigongyu/29927075073990x.shtml
【合租】九棵树 瑞都国际南区 3室次卧,瑞都国际南区,2000,http://bj.58.com/pinpaigongyu/30421804174018x.shtml
【合租】北苑 北卫新园 3室主卧,北卫新园,2900,http://bj.58.com/pinpaigongyu/29851364516268x.shtml
【合租】九棵树 K2玉兰湾 4室主卧,K2玉兰湾,2300,http://bj.58.com/pinpaigongyu/30402005476041x.shtml
【合租】龙泽 融泽嘉园2号院 3室主卧,融泽嘉园2号院,2380,http://bj.58.com/pinpaigongyu/30111523607616x.shtml
【整租】乐乎公寓 十里河 十里河店,十里河,3100-3500,http://bj.58.com/pinpaigongyu/30334110266812x.shtml
【合租】霍营 矩阵小区 3室主卧,矩阵小区,2000,http://bj.58.com/pinpaigongyu/30368194809650x.shtml
【合租】六里桥 六里桥家园 3室主卧,六里桥家园,2200,http://bj.58.com/pinpaigongyu/30387759735495x.shtml
【合租】西二旗 铭科苑 3室主卧,铭科苑,2500,http://bj.58.com/pinpaigongyu/30445940800441x.shtml
【整租】大望路 乐乎城市青年社区 1室1厅,【整租】大望路,2599,http://bj.58.com/pinpaigongyu/30411028850104x.shtml
【整租】回龙观 领秀慧谷 2室1厅,领秀慧谷,3999,http://bj.58.com/pinpaigongyu/30343928990913x.shtml
【整租】定福庄 东星时尚广场 1室1厅,东星时尚广场,2700,http://bj.58.com/pinpaigongyu/28722020411460x.shtml
【合租】龙泽 融泽嘉园一号院 3室主卧,融泽嘉园一号院,2400,http://bj.58.com/pinpaigongyu/30337293063502x.shtml
【合租】回龙观 龙腾苑六区 3室主卧,龙腾苑六区,2500,http://bj.58.com/pinpaigongyu/30369510514636x.shtml
【合租】双井 百环家园 3室主卧,百环家园,2380,http://bj.58.com/pinpaigongyu/30378745345098x.shtml
【合租】西北旺 大牛坊二期 3室主卧,大牛坊二期,2090,http://bj.58.com/pinpaigongyu/30045103497538x.shtml
【整租】青遇home 双桥 青遇新动漫,双桥,2400,http://bj.58.com/pinpaigongyu/29978998417998x.shtml
【合租】北苑 紫绶园 3室主卧,紫绶园,2600,http://bj.58.com/pinpaigongyu/30290790736169x.shtml
【合租】四惠 观音惠园 3室主卧,观音惠园,2200,http://bj.58.com/pinpaigongyu/30381827409862x.shtml
【合租】双桥 金隅康惠园 3室主卧,金隅康惠园,2000,http://bj.58.com/pinpaigongyu/30335734273450x.shtml
【整租】青遇home 高碑店 柒號大厦,高碑店,2500-3300,http://bj.58.com/pinpaigongyu/29927075073990x.shtml
【整租】东坝 金隅汇景苑 3室1厅,金隅汇景苑,3980,http://bj.58.com/pinpaigongyu/29650162736710x.shtml
【合租】肖家河 肖家河回迁住宅 3室主卧,肖家河回迁住宅,2590,http://bj.58.com/pinpaigongyu/30358756023740x.shtml
【合租】马连洼 肖家河新村(圆明 3室次卧,肖家河新村(圆明,2190,http://bj.58.com/pinpaigongyu/29978575239217x.shtml
【合租】芍药居 芍药居小区 3室主卧,芍药居小区,2550,http://bj.58.com/pinpaigongyu/30447605600200x.shtml
【整租】乐乎公寓 十里河 十里河店,十里河,3100-3500,http://bj.58.com/pinpaigongyu/30334110266812x.shtml
【合租】望京 宝星园 3室主卧,宝星园,2450,http://bj.58.com/pinpaigongyu/30447082580678x.shtml
【合租】双桥 远洋一方一期 3室主卧,远洋一方一期,2200,http://bj.58.com/pinpaigongyu/30377086627658x.shtml
【整租】双井 乐乎公寓 1室1厅,【整租】双井,3999,http://bj.58.com/pinpaigongyu/30454194478146x.shtml
【合租】健翔桥 华严北里小区 1室主卧,华严北里小区,3130,http://bj.58.com/pinpaigongyu/30421491261640x.shtml
【整租】牡丹园 龙翔路小区 3室1厅,龙翔路小区,2790,http://bj.58.com/pinpaigongyu/30432582035273x.shtml
【整租】角门 公益西桥乐乎城市 1室1厅,公益西桥乐乎城市,3200,http://bj.58.com/pinpaigongyu/30280325900739x.shtml
【整租】青塔 青塔春园 1室1厅,青塔春园,3200,http://bj.58.com/pinpaigongyu/30111131413184x.shtml
【合租】双井 九龙花园 3室主卧,九龙花园,3000,http://bj.58.com/pinpaigongyu/30378681076943x.shtml
【合租】望京 南湖东园二区 3室主卧,南湖东园二区,2000,http://bj.58.com/pinpaigongyu/30447036863157x.shtml
【合租】双桥 金隅康惠园 3室主卧,金隅康惠园,2000,http://bj.58.com/pinpaigongyu/30335734273450x.shtml
【整租】青遇home 双桥 青遇新动漫,双桥,2400,http://bj.58.com/pinpaigongyu/29978998417998x.shtml
【整租】东坝 金隅汇景苑 3室1厅,金隅汇景苑,3980,http://bj.58.com/pinpaigongyu/29650162736710x.shtml
【合租】肖家河 肖家河回迁住宅 3室主卧,肖家河回迁住宅,2590,http://bj.58.com/pinpaigongyu/30358756023740x.shtml
【合租】马连洼 肖家河新村(圆明 3室次卧,肖家河新村(圆明,2190,http://bj.58.com/pinpaigongyu/29978575239217x.shtml
【整租】青遇home 高碑店 柒號大厦,高碑店,2500-3300,http://bj.58.com/pinpaigongyu/29927075073990x.shtml
【合租】肖家河 肖家河回迁住宅( 3室主卧,肖家河回迁住宅(,2490,http://bj.58.com/pinpaigongyu/30104599192502x.shtml
【合租】望京 慧谷时空 3室次卧,慧谷时空,2200,http://bj.58.com/pinpaigongyu/30236753335602x.shtml
【合租】龙泽 融泽嘉园6号院 2室次卧,融泽嘉园6号院,2080,http://bj.58.com/pinpaigongyu/30421392732348x.shtml
【整租】玉桥 艺苑东街小区 2室1厅,艺苑东街小区,2500,http://bj.58.com/pinpaigongyu/30399217530431x.shtml
【整租】乐乎公寓 十里河 十里河店,十里河,3100-3500,http://bj.58.com/pinpaigongyu/30334110266812x.shtml
【合租】天通苑 天通中苑一区东区 3室次卧,天通中苑一区东区,2150,http://bj.58.com/pinpaigongyu/30446915469515x.shtml
【合租】西八里庄 颐安嘉园 3室主卧,颐安嘉园,2990,http://bj.58.com/pinpaigongyu/30391818708908x.shtml
【合租】宋家庄 宋家庄家园 3室主卧,宋家庄家园,2500,http://bj.58.com/pinpaigongyu/30379344009289x.shtml
【合租】二里庄 志新村小区 3室次卧,志新村小区,3280,http://bj.58.com/pinpaigongyu/30387683279672x.shtml
【整租】沙河 恒大城 2室1厅,恒大城,2900,http://bj.58.com/pinpaigongyu/30346297797581x.shtml
【合租】望京 望京西园三区 3室主卧,望京西园三区,2360,http://bj.58.com/pinpaigongyu/30447133031615x.shtml
【合租】德胜门 新德街35号院 1室次卧,新德街35号院,2930,http://bj.58.com/pinpaigongyu/30333056629171x.shtml
【整租】大望路 条玛青年公寓 1室0厅,【整租】大望路,2950,http://bj.58.com/pinpaigongyu/29417206476621x.shtml
【合租】回龙观 龙锦苑东一区 3室主卧,龙锦苑东一区,2100,http://bj.58.com/pinpaigongyu/30314767290430x.shtml
【合租】四季青 和泓四季 3室主卧,和泓四季,2600,http://bj.58.com/pinpaigongyu/30000452574155x.shtml
【整租】青遇home 双桥 青遇新动漫,双桥,2400,http://bj.58.com/pinpaigongyu/29978998417998x.shtml
【整租】北苑 茉黎园 1室1厅,茉黎园,3300,http://bj.58.com/pinpaigongyu/30160291756475x.shtml
【整租】东坝 坝鑫家园 2室2厅,坝鑫家园,4000,http://bj.58.com/pinpaigongyu/30437436773565x.shtml
【合租】望京 南湖西园 2室主卧,南湖西园,2500,http://bj.58.com/pinpaigongyu/30235197409211x.shtml
【整租】青遇home 高碑店 柒號大厦,高碑店,2500-3300,http://bj.58.com/pinpaigongyu/29927075073990x.shtml
【整租】东坝 北京城建福润四季 1室1厅,北京城建福润四季,3200,http://bj.58.com/pinpaigongyu/30279043566397x.shtml
【整租】东坝 金隅汇景苑四区 2室2厅,金隅汇景苑四区,4000,http://bj.58.com/pinpaigongyu/30221974201926x.shtml
【合租】芍药居 芍药居北里小区 4室主卧,芍药居北里小区,2600,http://bj.58.com/pinpaigongyu/29961599195580x.shtml
【合租】CBD 光辉里 3室次卧,光辉里,2230,http://bj.58.com/pinpaigongyu/30303436187959x.shtml
【整租】乐乎公寓 十里河 十里河店,十里河,3100-3500,http://bj.58.com/pinpaigongyu/30334110266812x.shtml
【整租】大望路 海纳公寓 1室0厅,【整租】大望路,2000,http://bj.58.com/pinpaigongyu/30365536441149x.shtml
【合租】西三旗 空军大院 3室次卧,空军大院,2060,http://bj.58.com/pinpaigongyu/30070250715453x.shtml
【合租】洋桥 京华苑 3室主卧,京华苑,2750,http://bj.58.com/pinpaigongyu/30390566682945x.shtml
【合租】北苑 万科星园 3室主卧,万科星园,2500,http://bj.58.com/pinpaigongyu/30380591892012x.shtml
【整租】四惠 乐乎城市青年社区 1室1厅,【整租】四惠,2499,http://bj.58.com/pinpaigongyu/30435450268877x.shtml
【合租】回龙观 珠江摩尔公元 3室主卧,珠江摩尔公元,2000,http://bj.58.com/pinpaigongyu/30392119454032x.shtml
【合租】立水桥 卢卡新天地 3室主卧,卢卡新天地,2600,http://bj.58.com/pinpaigongyu/30368999316285x.shtml
【合租】望京 南湖东园二区 3室主卧,南湖东园二区,2250,http://bj.58.com/pinpaigongyu/30447036117957x.shtml
【整租】大望路 海纳公寓 1室0厅,【整租】大望路,2400,http://bj.58.com/pinpaigongyu/30365553518264x.shtml
【合租】马连洼 肖家河新村(圆明 3室次卧,肖家河新村(圆明,2490,http://bj.58.com/pinpaigongyu/30247915936449x.shtml
【整租】青遇home 双桥 青遇新动漫,双桥,2400,http://bj.58.com/pinpaigongyu/29978998417998x.shtml
【整租】东坝 金隅汇景苑四区 2室1厅,金隅汇景苑四区,4000,http://bj.58.com/pinpaigongyu/30204816535868x.shtml
【整租】西北旺 大牛坊一期 1室1厅,大牛坊一期,3700,http://bj.58.com/pinpaigongyu/30100865201471x.shtml
【整租】马连道 茗筑大厦 1室1厅,茗筑大厦,2700,http://bj.58.com/pinpaigongyu/30269010800554x.shtml
【整租】青遇home 高碑店 柒號大厦,高碑店,2500-3300,http://bj.58.com/pinpaigongyu/29927075073990x.shtml
【整租】西北旺 大牛坊二期 1室1厅,大牛坊二期,3700,http://bj.58.com/pinpaigongyu/30067380814410x.shtml
【合租】西北旺 秋露园 3室次卧,秋露园,2390,http://bj.58.com/pinpaigongyu/30399837865652x.shtml
【合租】肖家河 肖家河回迁住宅 3室主卧,肖家河回迁住宅,2890,http://bj.58.com/pinpaigongyu/30358141704513x.shtml
【合租】双桥 远洋一方润园西北 2室主卧,远洋一方润园西北,2080,http://bj.58.com/pinpaigongyu/30445136620742x.shtml
【整租】乐乎公寓 十里河 十里河店,十里河,3100-3500,http://bj.58.com/pinpaigongyu/30334110266812x.shtml
【整租】双井 乐乎城市青年社区 1室1厅,【整租】双井,3999,http://bj.58.com/pinpaigongyu/30454192311482x.shtml
【整租】沙河 兆丰家园东区 2室1厅,兆丰家园东区,3100,http://bj.58.com/pinpaigongyu/30337144017852x.shtml
【合租】来广营 湖光壹号 3室主卧,湖光壹号,2390,http://bj.58.com/pinpaigongyu/30370041062082x.shtml
【整租】双井 乐乎公寓 1室1厅,【整租】双井,3999,http://bj.58.com/pinpaigongyu/30412766087497x.shtml
【整租】沙河 恒大城 2室1厅,恒大城,2900,http://bj.58.com/pinpaigongyu/30400220202176x.shtml
【合租】亚运村小营 嘉铭桐城A区 3室主卧,嘉铭桐城A区,3000,http://bj.58.com/pinpaigongyu/30389080746281x.shtml
【整租】四惠 条玛青年公寓 1室1厅,【整租】四惠,2950,http://bj.58.com/pinpaigongyu/28642889160388x.shtml
【整租】双桥 双桥公寓 1室1厅,【整租】双桥,2300,http://bj.58.com/pinpaigongyu/30188587148487x.shtml
【整租】通州北苑 通州北苑乐乎城市 1室1厅,通州北苑乐乎城市,2200,http://bj.58.com/pinpaigongyu/30421734205624x.shtml
【整租】西北旺 大牛坊二期 1室1厅,大牛坊二期,3700,http://bj.58.com/pinpaigongyu/30067380814410x.shtml
【整租】青遇home 双桥 青遇新动漫,双桥,2400,http://bj.58.com/pinpaigongyu/29978998417998x.shtml
【合租】肖家河 肖家河回迁住宅 3室主卧,肖家河回迁住宅,2890,http://bj.58.com/pinpaigongyu/30358141704513x.shtml
【合租】双桥 远洋一方润园西北 2室主卧,远洋一方润园西北,2080,http://bj.58.com/pinpaigongyu/30445136620742x.shtml
【合租】香山 和泓四季 3室次卧,和泓四季,2100,http://bj.58.com/pinpaigongyu/30270303742012x.shtml
【整租】青遇home 高碑店 柒號大厦,高碑店,2500-3300,http://bj.58.com/pinpaigongyu/29927075073990x.shtml
【合租】四惠 东恒时代三期 4室主卧,东恒时代三期,3500,http://bj.58.com/pinpaigongyu/30344050260268x.shtml
【整租】西北旺 大牛坊一期 1室1厅,大牛坊一期,3500,http://bj.58.com/pinpaigongyu/30331937089079x.shtml
【合租】清河 君安家园东区 3室次卧,君安家园东区,2180,http://bj.58.com/pinpaigongyu/30026121580350x.shtml
【合租】西二旗 融泽嘉园8号院 3室主卧,融泽嘉园8号院,2070,http://bj.58.com/pinpaigongyu/29956414305705x.shtml
【整租】乐乎公寓 十里河 十里河店,十里河,3100-3500,http://bj.58.com/pinpaigongyu/30334110266812x.shtml
【整租】高碑店 高碑店 乐乎城市 1室1厅,高碑店,2499,http://bj.58.com/pinpaigongyu/30301283335083x.shtml
【整租】东大桥 乐乎城市青年社区 1室1厅,【整租】东大桥,2500,http://bj.58.com/pinpaigongyu/30435455539657x.shtml
【整租】潘家园 嘉多丽园 1室1厅,嘉多丽园,4000,http://bj.58.com/pinpaigongyu/30433159930169x.shtml
【合租】定福庄 泰福苑一区 3室主卧,泰福苑一区,2500,http://bj.58.com/pinpaigongyu/30388502574771x.shtml
【整租】沙河 恒大城 2室1厅,恒大城,2900,http://bj.58.com/pinpaigongyu/30291144605491x.shtml
【合租】百子湾 金泰先锋 3室主卧,金泰先锋,2400,http://bj.58.com/pinpaigongyu/30380806801843x.shtml
【合租】定福庄 定福家园 3室主卧,定福家园,2000,http://bj.58.com/pinpaigongyu/30388465560364x.shtml
【整租】沙河 保利罗兰香谷 1室1厅,保利罗兰香谷,2600,http://bj.58.com/pinpaigongyu/30291550724809x.shtml
【整租】沙河 恒大城 2室1厅,恒大城,2900,http://bj.58.com/pinpaigongyu/30425328408618x.shtml
【合租】双井 百环家园 3室主卧,百环家园,2380,http://bj.58.com/pinpaigongyu/30235290127529x.shtml
【整租】青遇home 双桥 青遇新动漫,双桥,2400,http://bj.58.com/pinpaigongyu/29978998417998x.shtml
【整租】东坝 金隅汇景苑 2室1厅,金隅汇景苑,3800,http://bj.58.com/pinpaigongyu/29529188427457x.shtml
【合租】西二旗 领秀硅谷3区 4室次卧,领秀硅谷3区,2300,http://bj.58.com/pinpaigongyu/30354414370892x.shtml
【合租】芍药居 芍药居北里小区 4室次卧,芍药居北里小区,2200,http://bj.58.com/pinpaigongyu/30280007711690x.shtml
【整租】青遇home 高碑店 柒號大厦,高碑店,2500-3300,http://bj.58.com/pinpaigongyu/29927075073990x.shtml
【合租】常营 慧合公寓 3室主卧,【合租】常营,2060,http://bj.58.com/pinpaigongyu/30012945286992x.shtml
【合租】龙泽 融泽嘉园2号院 2室主卧,融泽嘉园2号院,2380,http://bj.58.com/pinpaigongyu/29956338664375x.shtml
【合租】惠新西街 惠新西街33号院 3室主卧,惠新西街33号院,3500,http://bj.58.com/pinpaigongyu/30201955861546x.shtml
【合租】亚运村 慧忠北里 3室次卧,慧忠北里,2400,http://bj.58.com/pinpaigongyu/30290586332999x.shtml
【整租】乐乎公寓 十里河 十里河店,十里河,3100-3500,http://bj.58.com/pinpaigongyu/30334110266812x.shtml
【整租】亦庄 万源街乐乎城市青 1室1厅,万源街乐乎城市青,2730,http://bj.58.com/pinpaigongyu/30421874028735x.shtml
【整租】潘家园 乐乎公寓 1室1厅,【整租】潘家园,3999,http://bj.58.com/pinpaigongyu/30421501647308x.shtml
【整租】国贸 乐乎城市青年社区 1室1厅,【整租】国贸,2599,http://bj.58.com/pinpaigongyu/30332295344820x.shtml
【整租】沙河 恒大城 2室1厅,恒大城,2800,http://bj.58.com/pinpaigongyu/30391180586687x.shtml
【整租】草桥 中福丽宫公寓 1室0厅,【整租】草桥,2500,http://bj.58.com/pinpaigongyu/30026078241854x.shtml
【整租】双井 乐乎公寓 1室1厅,【整租】双井,3999,http://bj.58.com/pinpaigongyu/30454184926405x.shtml
【合租】双桥 艺水芳园 3室主卧,艺水芳园,2180,http://bj.58.com/pinpaigongyu/30367873018683x.shtml
【合租】回龙观 龙腾苑四区 3室主卧,龙腾苑四区,2350,http://bj.58.com/pinpaigongyu/29982568803918x.shtml
【整租】沙河 保利罗兰香谷 2室1厅,保利罗兰香谷,3000,http://bj.58.com/pinpaigongyu/30391389983049x.shtml
【整租】东坝 金隅汇景苑 2室1厅,金隅汇景苑,3800,http://bj.58.com/pinpaigongyu/29529188427457x.shtml
【整租】青遇home 双桥 青遇新动漫,双桥,2400,http://bj.58.com/pinpaigongyu/29978998417998x.shtml
【合租】芍药居 芍药居北里小区 4室次卧,芍药居北里小区,2200,http://bj.58.com/pinpaigongyu/30280007711690x.shtml
【合租】九棵树 K2玉兰湾 4室主卧,K2玉兰湾,2000,http://bj.58.com/pinpaigongyu/30315714702157x.shtml
【合租】常营 慧合公寓 3室主卧,【合租】常营,2060,http://bj.58.com/pinpaigongyu/30012945286992x.shtml
【整租】青遇home 高碑店 柒號大厦,高碑店,2500-3300,http://bj.58.com/pinpaigongyu/29927075073990x.shtml
【合租】惠新西街 惠新西街33号院 3室主卧,惠新西街33号院,3500,http://bj.58.com/pinpaigongyu/30201955861546x.shtml
【合租】亚运村 慧忠北里 3室次卧,慧忠北里,2400,http://bj.58.com/pinpaigongyu/30290586332999x.shtml
【合租】龙泽 融泽嘉园二号院 3室主卧,融泽嘉园二号院,2080,http://bj.58.com/pinpaigongyu/30298997707954x.shtml
【合租】九棵树 K2玉兰湾 4室主卧,K2玉兰湾,2600,http://bj.58.com/pinpaigongyu/30022787467214x.shtml
【整租】乐乎公寓 十里河 十里河店,十里河,3100-3500,http://bj.58.com/pinpaigongyu/30334110266812x.shtml
【整租】东坝 金泰丽富嘉园 2室1厅,金泰丽富嘉园,4000,http://bj.58.com/pinpaigongyu/30260031296169x.shtml
【合租】亦庄 新康家园 3室主卧,新康家园,2200,http://bj.58.com/pinpaigongyu/30392228383046x.shtml
【合租】方庄 芳群园四区 3室次卧,芳群园四区,2150,http://bj.58.com/pinpaigongyu/30378626240952x.shtml
【整租】九棵树 九棵树家园 1室1厅,九棵树家园,2080,http://bj.58.com/pinpaigongyu/30421110750144x.shtml
【合租】青塔 万科中粮假日风景 4室主卧,万科中粮假日风景,2300,http://bj.58.com/pinpaigongyu/30409903645245x.shtml
【整租】高碑店 四惠传媒大学公寓 1室1厅,【整租】高碑店,2950,http://bj.58.com/pinpaigongyu/30400543364277x.shtml
【合租】马家堡 富卓苑 3室主卧,富卓苑,2250,http://bj.58.com/pinpaigongyu/30379394755500x.shtml
【合租】望京 上京新航线 3室次卧,上京新航线,2500,http://bj.58.com/pinpaigongyu/30368435691067x.shtml
【整租】沙河 保利罗兰香谷 2室1厅,保利罗兰香谷,3000,http://bj.58.com/pinpaigongyu/30280149428395x.shtml
【合租】龙泽 融泽嘉园2号院 2室主卧,融泽嘉园2号院,2380,http://bj.58.com/pinpaigongyu/29956338664375x.shtml
【整租】青遇home 双桥 青遇新动漫,双桥,2400,http://bj.58.com/pinpaigongyu/29978998417998x.shtml
【合租】亚运村 慧忠北里 3室次卧,慧忠北里,2400,http://bj.58.com/pinpaigongyu/30290586332999x.shtml
【合租】龙泽 融泽嘉园二号院 3室主卧,融泽嘉园二号院,2080,http://bj.58.com/pinpaigongyu/30298997707954x.shtml
【合租】九棵树 K2玉兰湾 4室主卧,K2玉兰湾,2600,http://bj.58.com/pinpaigongyu/30022787467214x.shtml
【整租】青遇home 高碑店 柒號大厦,高碑店,2500-3300,http://bj.58.com/pinpaigongyu/29927075073990x.shtml
【合租】亚运村小营 嘉铭园 4室主卧,嘉铭园,2800,http://bj.58.com/pinpaigongyu/30144930689073x.shtml
【整租】东坝 金隅汇景苑二区 2室2厅,金隅汇景苑二区,3900,http://bj.58.com/pinpaigongyu/30435181108556x.shtml
【整租】马连道 茗筑大厦 1室1厅,茗筑大厦,2800,http://bj.58.com/pinpaigongyu/30258478781113x.shtml
【合租】肖家河 肖家河回迁住宅( 3室次卧,肖家河回迁住宅(,2690,http://bj.58.com/pinpaigongyu/30045345556788x.shtml
【整租】乐乎公寓 十里河 十里河店,十里河,3100-3500,http://bj.58.com/pinpaigongyu/30334110266812x.shtml
【整租】四惠 乐乎城市青年社区 1室1厅,【整租】四惠,2600,http://bj.58.com/pinpaigongyu/30301421996733x.shtml
【合租】垡头 翠成馨园 3室主卧,翠成馨园,2500,http://bj.58.com/pinpaigongyu/30380400180138x.shtml
【合租】望京 康营家园6期 3室主卧,康营家园6期,2000,http://bj.58.com/pinpaigongyu/30380096349239x.shtml
【合租】望京 康营家园29期 3室主卧,康营家园29期,2100,http://bj.58.com/pinpaigongyu/30410648789554x.shtml
【合租】回龙观 龙跃苑东四区 3室主卧,龙跃苑东四区,2200,http://bj.58.com/pinpaigongyu/30246767971145x.shtml
【合租】健翔桥 华严北里小区 1室主卧,华严北里小区,2790,http://bj.58.com/pinpaigongyu/30421549445696x.shtml
【合租】九棵树 K2玉兰湾 3室主卧,K2玉兰湾,2000,http://bj.58.com/pinpaigongyu/30266735687624x.shtml
【合租】龙泽 新龙城 3室主卧,新龙城,2600,http://bj.58.com/pinpaigongyu/30000709512766x.shtml
【合租】百子湾 中水电小区 3室主卧,中水电小区,2550,http://bj.58.com/pinpaigongyu/30380897440206x.shtml
【整租】东坝 金隅汇景苑 2室1厅,金隅汇景苑,3900,http://bj.58.com/pinpaigongyu/29660557655229x.shtml
【整租】青遇home 双桥 青遇新动漫,双桥,2400,http://bj.58.com/pinpaigongyu/29978998417998x.shtml
【合租】龙泽 融泽嘉园6号院 3室次卧,融泽嘉园6号院,2080,http://bj.58.com/pinpaigongyu/30080023683001x.shtml
【合租】马连洼 梅园甲 3室次卧,梅园甲,2190,http://bj.58.com/pinpaigongyu/30100784983224x.shtml
【合租】亚运村 慧忠北里 3室主卧,慧忠北里,2300,http://bj.58.com/pinpaigongyu/29794844856131x.shtml
【整租】青遇home 高碑店 柒號大厦,高碑店,2500-3300,http://bj.58.com/pinpaigongyu/29927075073990x.shtml
【合租】肖家河 肖家河回迁住宅( 3室次卧,肖家河回迁住宅(,2490,http://bj.58.com/pinpaigongyu/30255674608064x.shtml
【合租】后沙峪 中景江山赋 3室主卧,中景江山赋,2630,http://bj.58.com/pinpaigongyu/30312201792555x.shtml
【合租】芍药居 芍药居北里小区 3室次卧,芍药居北里小区,2200,http://bj.58.com/pinpaigongyu/30201034486707x.shtml
【整租】东坝 金隅汇景苑 2室2厅,金隅汇景苑,3800,http://bj.58.com/pinpaigongyu/29095008193081x.shtml
【整租】乐乎公寓 十里河 十里河店,十里河,3100-3500,http://bj.58.com/pinpaigongyu/30334110266812x.shtml
【合租】牡丹园 花园路3号院 3室主卧,花园路3号院,2860,http://bj.58.com/pinpaigongyu/30423000015303x.shtml
【合租】双井 富力城D区 3室主卧,富力城D区,2500,http://bj.58.com/pinpaigongyu/30388596975288x.shtml
【整租】沙河 巩华家园 2室2厅,巩华家园,3111,http://bj.58.com/pinpaigongyu/30234606915377x.shtml
【整租】沙河 兆丰家园西区 2室2厅,兆丰家园西区,3000,http://bj.58.com/pinpaigongyu/30234398940728x.shtml
【合租】双井 九龙花园 3室主卧,九龙花园,2150,http://bj.58.com/pinpaigongyu/30378682014379x.shtml
【整租】双桥 通盛公寓 1室0厅,【整租】双桥,2200,http://bj.58.com/pinpaigongyu/30442999285067x.shtml
【合租】回龙观 龙锦苑东一区 3室主卧,龙锦苑东一区,2200,http://bj.58.com/pinpaigongyu/30314203024169x.shtml
【整租】芍药居 芍药居乐乎城市青 1室1厅,芍药居乐乎城市青,3100,http://bj.58.com/pinpaigongyu/30421921758010x.shtml
【合租】霍营 龙锦苑东一区 4室主卧,龙锦苑东一区,2060,http://bj.58.com/pinpaigongyu/30398745413710x.shtml
【合租】龙泽 融泽嘉园6号院 3室次卧,融泽嘉园6号院,2080,http://bj.58.com/pinpaigongyu/30080023683001x.shtml
【整租】青遇home 双桥 青遇新动漫,双桥,2400,http://bj.58.com/pinpaigongyu/29978998417998x.shtml
【合租】亚运村 慧忠北里 3室主卧,慧忠北里,2300,http://bj.58.com/pinpaigongyu/29794844856131x.shtml
【整租】东坝 北京城建福润四季 2室1厅,北京城建福润四季,3600,http://bj.58.com/pinpaigongyu/28300751783500x.shtml
【合租】肖家河 肖家河回迁住宅( 3室次卧,肖家河回迁住宅(,2490,http://bj.58.com/pinpaigongyu/30255674608064x.shtml
【整租】青遇home 高碑店 柒號大厦,高碑店,2500-3300,http://bj.58.com/pinpaigongyu/29927075073990x.shtml
【合租】芍药居 芍药居北里小区 3室次卧,芍药居北里小区,2200,http://bj.58.com/pinpaigongyu/30201034486707x.shtml
【整租】东坝 金隅汇景苑 2室2厅,金隅汇景苑,3800,http://bj.58.com/pinpaigongyu/29095008193081x.shtml
【合租】马连洼 东馨园 2室主卧,东馨园,2380,http://bj.58.com/pinpaigongyu/29971861624753x.shtml
【合租】九棵树 K2玉兰湾 4室主卧,K2玉兰湾,2500,http://bj.58.com/pinpaigongyu/30315738869961x.shtml
【整租】乐乎公寓 十里河 十里河店,十里河,3100-3500,http://bj.58.com/pinpaigongyu/30334110266812x.shtml
【合租】学院路 志新西路7号院 3室主卧,志新西路7号院,3290,http://bj.58.com/pinpaigongyu/30432246201665x.shtml
【整租】南苑 中福丽宫公寓 1室0厅,【整租】南苑,2500,http://bj.58.com/pinpaigongyu/30025453850297x.shtml
【合租】双桥 水岸双桥 3室主卧,水岸双桥,2300,http://bj.58.com/pinpaigongyu/30379829654595x.shtml
【整租】沙河 恒大城 2室1厅,恒大城,2900,http://bj.58.com/pinpaigongyu/30454252315840x.shtml
【整租】九棵树 九棵树家园 1室1厅,九棵树家园,2080,http://bj.58.com/pinpaigongyu/30398939102796x.shtml
【合租】成寿寺 苇子坑1号院 3室主卧,苇子坑1号院,2500,http://bj.58.com/pinpaigongyu/30380308086478x.shtml
【合租】回龙观 昌平路380号院 3室主卧,昌平路380号院,2160,http://bj.58.com/pinpaigongyu/30148389373133x.shtml
【整租】沙河 恒大城 2室1厅,恒大城,2900,http://bj.58.com/pinpaigongyu/30346051128011x.shtml
【合租】清河 永泰园西区 3室次卧,永泰园西区,2050,http://bj.58.com/pinpaigongyu/30070265262377x.shtml
【合租】北苑 黄金苑 3室主卧,黄金苑,2200,http://bj.58.com/pinpaigongyu/29937661202246x.shtml
【整租】青遇home 双桥 青遇新动漫,双桥,2400,http://bj.58.com/pinpaigongyu/29978998417998x.shtml
【合租】常营 常营北辰福第 3室次卧,常营北辰福第,2380,http://bj.58.com/pinpaigongyu/30313183118783x.shtml
【合租】肖家河 肖家河回迁住宅 3室主卧,肖家河回迁住宅,2400,http://bj.58.com/pinpaigongyu/30167084306473x.shtml
【合租】双桥 金隅康惠园 3室主卧,金隅康惠园,2680,http://bj.58.com/pinpaigongyu/30103801326530x.shtml
【整租】青遇home 高碑店 柒號大厦,高碑店,2500-3300,http://bj.58.com/pinpaigongyu/29927075073990x.shtml
【合租】北苑 紫绶园 4室主卧,紫绶园,2300,http://bj.58.com/pinpaigongyu/30387885772586x.shtml
【整租】北苑 茉藜园 1室1厅,茉藜园,3300,http://bj.58.com/pinpaigongyu/30134499883066x.shtml
【合租】九棵树 K2玉兰湾 4室主卧,K2玉兰湾,2100,http://bj.58.com/pinpaigongyu/30194404297804x.shtml
【合租】芍药居 芍药居5号院 3室次卧,芍药居5号院,2400,http://bj.58.com/pinpaigongyu/29393356378540x.shtml
【整租】乐乎公寓 十里河 十里河店,十里河,3100-3500,http://bj.58.com/pinpaigongyu/30334110266812x.shtml
【合租】百子湾 中水电小区 3室主卧,中水电小区,2630,http://bj.58.com/pinpaigongyu/30380894666573x.shtml
【合租】潘家园 建业苑 3室主卧,建业苑,2550,http://bj.58.com/pinpaigongyu/30380991441726x.shtml
【整租】高碑店 函数公寓传媒大学 1室1厅,【整租】高碑店,2950,http://bj.58.com/pinpaigongyu/30134290560719x.shtml
【整租】角门 中福丽宫公寓 1室0厅,【整租】角门,2500,http://bj.58.com/pinpaigongyu/30025739252140x.shtml
【整租】豆各庄 恒大御景湾 2室1厅,恒大御景湾,3600,http://bj.58.com/pinpaigongyu/30446166131123x.shtml
【合租】和义 槐房南里300号 3室主卧,槐房南里300号,2200,http://bj.58.com/pinpaigongyu/30388286539315x.shtml
【整租】四惠 条玛青年公寓 1室1厅,【整租】四惠,2950,http://bj.58.com/pinpaigongyu/28928972511560x.shtml
【合租】北关 新建村 3室主卧,新建村,2160,http://bj.58.com/pinpaigongyu/30388034771408x.shtml
【整租】双井 乐乎公寓 1室1厅,【整租】双井,3999,http://bj.58.com/pinpaigongyu/30454190474960x.shtml
【合租】西二旗 金域华府 3室次卧,金域华府,2180,http://bj.58.com/pinpaigongyu/30144345530700x.shtml
【整租】青遇home 双桥 青遇新动漫,双桥,2400,http://bj.58.com/pinpaigongyu/29978998417998x.shtml
【合租】西北旺 景和园 4室主卧,景和园,2090,http://bj.58.com/pinpaigongyu/29968471721164x.shtml
【整租】西北旺 林语公馆 1室1厅,林语公馆,3600,http://bj.58.com/pinpaigongyu/29961028496308x.shtml
【合租】九棵树 K2玉兰湾 4室主卧,K2玉兰湾,2600,http://bj.58.com/pinpaigongyu/30166531082812x.shtml
【整租】青遇home 高碑店 柒號大厦,高碑店,2500-3300,http://bj.58.com/pinpaigongyu/29927075073990x.shtml
【合租】西北旺 百旺新城夏霖园 3室次卧,百旺新城夏霖园,2090,http://bj.58.com/pinpaigongyu/30013601232441x.shtml
【合租】后沙峪 双裕花园 3室主卧,双裕花园,2480,http://bj.58.com/pinpaigongyu/30311316045252x.shtml
【合租】九棵树 K2玉兰湾 5室主卧,K2玉兰湾,2100,http://bj.58.com/pinpaigongyu/30289954642124x.shtml
【合租】西二旗 领秀硅谷3区 6室次卧,领秀硅谷3区,2190,http://bj.58.com/pinpaigongyu/30325051092804x.shtml
【整租】乐乎公寓 十里河 十里河店,十里河,3100-3500,http://bj.58.com/pinpaigongyu/30334110266812x.shtml
【整租】双桥 条玛青年公寓 1室1厅,【整租】双桥,2950,http://bj.58.com/pinpaigongyu/28964147238856x.shtml
【整租】大望路 乐乎公寓 1室1厅,【整租】大望路,2519,http://bj.58.com/pinpaigongyu/30412769538739x.shtml
【整租】角门 乐乎公寓城市青年 1室1厅,【整租】角门,3200,http://bj.58.com/pinpaigongyu/30301550533952x.shtml
【合租】霍营 矩阵小区 3室主卧,矩阵小区,2500,http://bj.58.com/pinpaigongyu/30368196631870x.shtml
【整租】沙河 恒大城 2室1厅,恒大城,2900,http://bj.58.com/pinpaigongyu/30454133262916x.shtml
【整租】国贸 通盛公寓 1室0厅,【整租】国贸,2400,http://bj.58.com/pinpaigongyu/30454127611081x.shtml
【合租】健翔桥 华严北里小区 3室次卧,华严北里小区,2460,http://bj.58.com/pinpaigongyu/30422383910833x.shtml
【合租】霍营 华龙苑南里 3室主卧,华龙苑南里,2690,http://bj.58.com/pinpaigongyu/30379059406660x.shtml
【合租】甘露园 朝阳园 3室主卧,朝阳园,2230,http://bj.58.com/pinpaigongyu/30447416458430x.shtml
【合租】赵公口 石榴园北里小区 3室次卧,石榴园北里小区,2030,http://bj.58.com/pinpaigongyu/30292887369034x.shtml
【整租】青遇home 双桥 青遇新动漫,双桥,2400,http://bj.58.com/pinpaigongyu/29978998417998x.shtml
【合租】芍药居 芍药居4号院 3室主卧,芍药居4号院,3000,http://bj.58.com/pinpaigongyu/30314834728121x.shtml
【合租】肖家河 肖家河回迁住宅 3室主卧,肖家河回迁住宅,2400,http://bj.58.com/pinpaigongyu/30201303418292x.shtml
【合租】西直门 玉芙胡同小区 3室主卧,玉芙胡同小区,2880,http://bj.58.com/pinpaigongyu/30015703881156x.shtml
【整租】青遇home 高碑店 柒號大厦,高碑店,2500-3300,http://bj.58.com/pinpaigongyu/29927075073990x.shtml
【合租】垡头 世纪东方嘉园南区 3室主卧,世纪东方嘉园南区,2880,http://bj.58.com/pinpaigongyu/30278050208427x.shtml
【合租】亚运村 大屯里小区 3室次卧,大屯里小区,2500,http://bj.58.com/pinpaigongyu/30099862273463x.shtml
【合租】北苑 城锦苑 3室主卧,城锦苑,2750,http://bj.58.com/pinpaigongyu/30136930530488x.shtml
【合租】肖家河 肖家河回迁住宅 3室次卧,肖家河回迁住宅,2390,http://bj.58.com/pinpaigongyu/30255585322567x.shtml
【整租】乐乎公寓 十里河 十里河店,十里河,3100-3500,http://bj.58.com/pinpaigongyu/30334110266812x.shtml
【合租】天通苑 天通苑西一区 3室主卧,天通苑西一区,2500,http://bj.58.com/pinpaigongyu/30446965037620x.shtml
【整租】沙河 恒大城 2室1厅,恒大城,2900,http://bj.58.com/pinpaigongyu/30314737004220x.shtml
【整租】国贸 乐乎城市青年社区 1室1厅,【整租】国贸,3999,http://bj.58.com/pinpaigongyu/30387697826996x.shtml
【整租】新发地 中福丽宫 1室0厅,中福丽宫,2800,http://bj.58.com/pinpaigongyu/30026008478634x.shtml
【整租】国贸 十里河店乐乎城市 1室1厅,十里河店乐乎城市,3100,http://bj.58.com/pinpaigongyu/30279193987143x.shtml
【整租】通州北苑 通州北苑乐乎城市 1室1厅,通州北苑乐乎城市,2299,http://bj.58.com/pinpaigongyu/30290457419968x.shtml
【整租】西红门 星光影视园 1室0厅,星光影视园,2590,http://bj.58.com/pinpaigongyu/30387737025983x.shtml
【整租】新发地 中福公寓 1室0厅,【整租】新发地,2600,http://bj.58.com/pinpaigongyu/30247034216249x.shtml
【整租】来广营 马泉营三区 1室1厅,马泉营三区,2500,http://bj.58.com/pinpaigongyu/29694316335925x.shtml
【合租】芍药居 芍药居4号院 3室主卧,芍药居4号院,3000,http://bj.58.com/pinpaigongyu/30314834728121x.shtml
【整租】青遇home 双桥 青遇新动漫,双桥,2400,http://bj.58.com/pinpaigongyu/29978998417998x.shtml
【合租】西直门 玉芙胡同小区 3室主卧,玉芙胡同小区,2880,http://bj.58.com/pinpaigongyu/30015703881156x.shtml
【整租】西北旺 大牛坊二期 1室0厅,大牛坊二期,3200,http://bj.58.com/pinpaigongyu/30224731738570x.shtml
【合租】垡头 世纪东方嘉园南区 3室主卧,世纪东方嘉园南区,2880,http://bj.58.com/pinpaigongyu/30278050208427x.shtml
【整租】青遇home 高碑店 柒號大厦,高碑店,2500-3300,http://bj.58.com/pinpaigongyu/29927075073990x.shtml
【合租】北苑 城锦苑 3室主卧,城锦苑,2750,http://bj.58.com/pinpaigongyu/30136930530488x.shtml
【合租】肖家河 肖家河回迁住宅 3室次卧,肖家河回迁住宅,2390,http://bj.58.com/pinpaigongyu/30255585322567x.shtml
【合租】芍药居 芍药居甲2号院小 3室主卧,芍药居甲2号院小,2700,http://bj.58.com/pinpaigongyu/28962828027191x.shtml
【合租】亚运村 大屯里小区 3室次卧,大屯里小区,2600,http://bj.58.com/pinpaigongyu/29861392133183x.shtml
【整租】乐乎公寓 十里河 十里河店,十里河,3100-3500,http://bj.58.com/pinpaigongyu/30334110266812x.shtml
【整租】大望路 通盛公寓 1室0厅,【整租】大望路,2300,http://bj.58.com/pinpaigongyu/30443423608768x.shtml
【合租】天通苑 天通中苑一区东区 3室主卧,天通中苑一区东区,2230,http://bj.58.com/pinpaigongyu/30446914881843x.shtml
【整租】望京 香江北岸 1室0厅,香江北岸,3500,http://bj.58.com/pinpaigongyu/30313119167537x.shtml
【合租】物资学院路 新建村 3室主卧,新建村,2280,http://bj.58.com/pinpaigongyu/30387822913598x.shtml
【整租】回龙观 朱辛庄新区 2室1厅,朱辛庄新区,3999,http://bj.58.com/pinpaigongyu/30337036668623x.shtml
【合租】定福庄 珠江绿洲家园 4室主卧,珠江绿洲家园,2800,http://bj.58.com/pinpaigongyu/30279782717111x.shtml
【整租】高碑店 高碑店函数公寓 1室1厅,【整租】高碑店,2500,http://bj.58.com/pinpaigongyu/29804076137519x.shtml
【整租】四惠 乐乎城市青年社区 1室1厅,【整租】四惠,2699,http://bj.58.com/pinpaigongyu/30311954259896x.shtml
【合租】二里庄 二里庄小区 3室主卧,二里庄小区,2890,http://bj.58.com/pinpaigongyu/30431785263411x.shtml
【合租】肖家河 肖家河回迁住宅 3室主卧,肖家河回迁住宅,2600,http://bj.58.com/pinpaigongyu/30357334840630x.shtml
【整租】青遇home 双桥 青遇新动漫,双桥,2400,http://bj.58.com/pinpaigongyu/29978998417998x.shtml
【合租】芍药居 芍药居1号院 3室次卧,芍药居1号院,2300,http://bj.58.com/pinpaigongyu/29738409627178x.shtml
【合租】亚运村 嘉铭桐城C区 3室主卧,嘉铭桐城C区,3700,http://bj.58.com/pinpaigongyu/29274512335802x.shtml
【合租】芍药居 芍药居9号院 3室次卧,芍药居9号院,2600,http://bj.58.com/pinpaigongyu/29972383225790x.shtml
【整租】青遇home 高碑店 柒號大厦,高碑店,2500-3300,http://bj.58.com/pinpaigongyu/29927075073990x.shtml
【合租】肖家河 肖家河回迁住宅( 3室次卧,肖家河回迁住宅(,2190,http://bj.58.com/pinpaigongyu/30069644489270x.shtml
【合租】芍药居 芍药居5号院 3室次卧,芍药居5号院,2500,http://bj.58.com/pinpaigongyu/30080020822466x.shtml
【整租】东坝 金泰丽富嘉园 2室2厅,金泰丽富嘉园,3800,http://bj.58.com/pinpaigongyu/29648045056966x.shtml
【合租】双桥 金隅康惠园 3室主卧,金隅康惠园,2260,http://bj.58.com/pinpaigongyu/30225590422858x.shtml
【整租】乐乎公寓 十里河 十里河店,十里河,3100-3500,http://bj.58.com/pinpaigongyu/30334110266812x.shtml
【整租】大望路 条玛青年公寓 1室1厅,【整租】大望路,2950,http://bj.58.com/pinpaigongyu/28643081567819x.shtml
【整租】通州北苑 通州北苑乐乎城市 1室1厅,通州北苑乐乎城市,2100,http://bj.58.com/pinpaigongyu/30387782553150x.shtml
【合租】四惠 碧水星阁 3室次卧,碧水星阁,2300,http://bj.58.com/pinpaigongyu/30447383345090x.shtml
【合租】回龙观 和谐家园一区 3室主卧,和谐家园一区,2600,http://bj.58.com/pinpaigongyu/30399100389548x.shtml
【合租】新宫 德鑫嘉园 3室主卧,德鑫嘉园,2150,http://bj.58.com/pinpaigongyu/30388284632772x.shtml
【合租】北苑 时代庄园 3室主卧,时代庄园,2550,http://bj.58.com/pinpaigongyu/30378559945416x.shtml
【合租】回龙观 吉晟别墅 3室主卧,吉晟别墅,2200,http://bj.58.com/pinpaigongyu/30244811717178x.shtml
【整租】回龙观 朱辛庄新区 2室1厅,朱辛庄新区,4000,http://bj.58.com/pinpaigongyu/30270801284543x.shtml
【合租】回龙观 龙博苑一区 3室主卧,龙博苑一区,2500,http://bj.58.com/pinpaigongyu/30369512545353x.shtml
【合租】西北旺 大牛坊一期 4室主卧,大牛坊一期,2290,http://bj.58.com/pinpaigongyu/29969390460842x.shtml
【整租】青遇home 双桥 青遇新动漫,双桥,2400,http://bj.58.com/pinpaigongyu/29978998417998x.shtml
【整租】东坝 保利首开天誉 2室1厅,保利首开天誉,4000,http://bj.58.com/pinpaigongyu/30271707293644x.shtml
【合租】龙泽 融泽嘉园二号院( 3室次卧,融泽嘉园二号院(,2080,http://bj.58.com/pinpaigongyu/30310663324599x.shtml
【合租】亚运村 安慧北里逸园 3室主卧,安慧北里逸园,2500,http://bj.58.com/pinpaigongyu/30170992309047x.shtml
【整租】青遇home 高碑店 柒號大厦,高碑店,2500-3300,http://bj.58.com/pinpaigongyu/29927075073990x.shtml
【合租】成寿寺 中海圣朝菲 3室主卧,中海圣朝菲,2680,http://bj.58.com/pinpaigongyu/30078825124288x.shtml
【合租】双井 百环家园 3室主卧,百环家园,2390,http://bj.58.com/pinpaigongyu/30235291497260x.shtml
【整租】东坝 金泽家园A区 2室1厅,金泽家园A区,3500,http://bj.58.com/pinpaigongyu/30344507367735x.shtml
【整租】东坝 朝新嘉园东里五区 2室1厅,朝新嘉园东里五区,4000,http://bj.58.com/pinpaigongyu/30069392946759x.shtml
【整租】乐乎公寓 十里河 十里河店,十里河,3100-3500,http://bj.58.com/pinpaigongyu/30334110266812x.shtml
【整租】高碑店 通盛公寓 1室0厅,【整租】高碑店,2000,http://bj.58.com/pinpaigongyu/30178609065140x.shtml
【整租】沙河 恒大城 2室1厅,恒大城,2900,http://bj.58.com/pinpaigongyu/30322596022828x.shtml
【合租】回龙观 紫金新干线二区 4室主卧,紫金新干线二区,2260,http://bj.58.com/pinpaigongyu/30343910165321x.shtml
【合租】酒仙桥 芳园南里 3室主卧,芳园南里,2000,http://bj.58.com/pinpaigongyu/30380720291785x.shtml
【合租】后沙峪 双裕花园 3室主卧,双裕花园,2500,http://bj.58.com/pinpaigongyu/30377270818254x.shtml
【整租】大望路 乐乎城市青年社区 1室1厅,【整租】大望路,2599,http://bj.58.com/pinpaigongyu/30411130048589x.shtml
【整租】通州北苑 通州北苑乐乎城市 1室1厅,通州北苑乐乎城市,2199,http://bj.58.com/pinpaigongyu/30280259172916x.shtml
【整租】大望路 乐乎城市青年社区 1室1厅,【整租】大望路,2690,http://bj.58.com/pinpaigongyu/30424887582252x.shtml
【合租】玉泉路 兆丰园三区 3室主卧,兆丰园三区,2300,http://bj.58.com/pinpaigongyu/30117298359751x.shtml
【整租】东坝 北京城建福润四季 2室1厅,北京城建福润四季,3800,http://bj.58.com/pinpaigongyu/30212590134730x.shtml
【整租】青遇home 双桥 青遇新动漫,双桥,2400,http://bj.58.com/pinpaigongyu/29978998417998x.shtml
【合租】双井 百环家园 3室主卧,百环家园,2390,http://bj.58.com/pinpaigongyu/30235291497260x.shtml
【整租】东坝 金泽家园A区 2室1厅,金泽家园A区,3500,http://bj.58.com/pinpaigongyu/30344507367735x.shtml
【整租】东坝 朝新嘉园东里五区 2室1厅,朝新嘉园东里五区,4000,http://bj.58.com/pinpaigongyu/30069392946759x.shtml
【整租】青遇home 高碑店 柒號大厦,高碑店,2500-3300,http://bj.58.com/pinpaigongyu/29927075073990x.shtml
【整租】东坝 保利首开天誉 2室2厅,保利首开天誉,3800,http://bj.58.com/pinpaigongyu/30246551202618x.shtml
【合租】双井 观音惠园 3室主卧,观音惠园,2600,http://bj.58.com/pinpaigongyu/30303047024459x.shtml
【合租】清河 君安家园东区 3室次卧,君安家园东区,2180,http://bj.58.com/pinpaigongyu/30147320629309x.shtml
【整租】东坝 北京城建福润四季 2室1厅,北京城建福润四季,3500,http://bj.58.com/pinpaigongyu/30245725406651x.shtml
【整租】乐乎公寓 十里河 十里河店,十里河,3100-3500,http://bj.58.com/pinpaigongyu/30334110266812x.shtml
【合租】回龙观 公园悦府 3室主卧,公园悦府,2333,http://bj.58.com/pinpaigongyu/30398804932660x.shtml
【合租】北苑 黄金苑 3室主卧,黄金苑,2150,http://bj.58.com/pinpaigongyu/30379528234443x.shtml
【合租】四惠 碧水星阁 3室主卧,碧水星阁,2150,http://bj.58.com/pinpaigongyu/30447290679105x.shtml
【合租】学院路 志新西路7号院 3室主卧,志新西路7号院,3490,http://bj.58.com/pinpaigongyu/30431810177076x.shtml
【合租】龙泽 新龙城 3室主卧,新龙城,2360,http://bj.58.com/pinpaigongyu/30144767570749x.shtml
【整租】大望路 乐乎城市青年社区 1室1厅,【整租】大望路,2519,http://bj.58.com/pinpaigongyu/30301422570318x.shtml
【合租】德胜门 新街口外大街28 2室次卧,新街口外大街28,2830,http://bj.58.com/pinpaigongyu/30333033070411x.shtml
【整租】西门 通州万达 1室1厅,通州万达,2080,http://bj.58.com/pinpaigongyu/30343703993926x.shtml
【整租】角门 中福丽宫 1室0厅,中福丽宫,2600,http://bj.58.com/pinpaigongyu/30213323321915x.shtml
【合租】双井 观音惠园 3室主卧,观音惠园,2500,http://bj.58.com/pinpaigongyu/30288316850475x.shtml
【整租】青遇home 双桥 青遇新动漫,双桥,2400,http://bj.58.com/pinpaigongyu/29978998417998x.shtml
【合租】西二旗 融泽嘉园8号院 2室主卧,融泽嘉园8号院,2380,http://bj.58.com/pinpaigongyu/30291923379900x.shtml
【合租】龙泽 融泽嘉园6号院 1室主卧,融泽嘉园6号院,2180,http://bj.58.com/pinpaigongyu/30288016694988x.shtml
【整租】东坝 北京城建福润四季 2室2厅,北京城建福润四季,3600,http://bj.58.com/pinpaigongyu/29834632335048x.shtml
【整租】青遇home 高碑店 柒號大厦,高碑店,2500-3300,http://bj.58.com/pinpaigongyu/29927075073990x.shtml
【合租】亚运村小营 世纪村东一区 3室次卧,世纪村东一区,2100,http://bj.58.com/pinpaigongyu/28708516047180x.shtml
【合租】回龙观 蓝天嘉园 3室主卧,蓝天嘉园,2050,http://bj.58.com/pinpaigongyu/30453727243079x.shtml
【整租】望京 望京花园西区 1室1厅,望京花园西区,2600,http://bj.58.com/pinpaigongyu/30378116875953x.shtml
【合租】北苑 媒体村天畅园 2室主卧,媒体村天畅园,3200,http://bj.58.com/pinpaigongyu/28787263752511x.shtml
【整租】乐乎公寓 十里河 十里河店,十里河,3100-3500,http://bj.58.com/pinpaigongyu/30334110266812x.shtml
【合租】上地 怡美家园 3室主卧,怡美家园,2380,http://bj.58.com/pinpaigongyu/30381120447311x.shtml
【整租】沙河 恒大城 2室1厅,恒大城,2900,http://bj.58.com/pinpaigongyu/30320833959749x.shtml
【合租】回龙观 龙回苑 3室主卧,龙回苑,2280,http://bj.58.com/pinpaigongyu/30445676933949x.shtml
【合租】清河 美和园西区 3室主卧,美和园西区,2500,http://bj.58.com/pinpaigongyu/30381143210796x.shtml
【整租】劲松 条玛青年公寓 1室1厅,【整租】劲松,3700,http://bj.58.com/pinpaigongyu/28898052891835x.shtml
【合租】北关 新建村 3室主卧,新建村,2300,http://bj.58.com/pinpaigongyu/30388801102411x.shtml
【整租】西红门 西红门乐乎城市青 1室1厅,西红门乐乎城市青,3390,http://bj.58.com/pinpaigongyu/30299098840267x.shtml
【合租】广渠门 广渠家园 3室主卧,广渠家园,2000,http://bj.58.com/pinpaigongyu/30388597670084x.shtml
【合租】赵公口 慧时欣园 3室主卧,慧时欣园,2240,http://bj.58.com/pinpaigongyu/30368530057910x.shtml
【整租】望京 望京花园西区 1室1厅,望京花园西区,2600,http://bj.58.com/pinpaigongyu/30378116875953x.shtml
【整租】青遇home 双桥 青遇新动漫,双桥,2400,http://bj.58.com/pinpaigongyu/29978998417998x.shtml
【合租】九棵树 K2玉兰湾 4室主卧,K2玉兰湾,2100,http://bj.58.com/pinpaigongyu/30366541203780x.shtml
【合租】温泉 环保嘉苑 3室主卧,环保嘉苑,2090,http://bj.58.com/pinpaigongyu/30190998513603x.shtml
【整租】西北旺 大牛坊一期 3室1厅,大牛坊一期,3700,http://bj.58.com/pinpaigongyu/30026658368692x.shtml
【整租】青遇home 高碑店 柒號大厦,高碑店,2500-3300,http://bj.58.com/pinpaigongyu/29927075073990x.shtml
【整租】东坝 金隅汇景苑 2室1厅,金隅汇景苑,3800,http://bj.58.com/pinpaigongyu/29529096506811x.shtml
【整租】东坝 保利首开天誉 2室2厅,保利首开天誉,3900,http://bj.58.com/pinpaigongyu/30150131026378x.shtml
【合租】西二旗 融泽嘉园8号院 3室次卧,融泽嘉园8号院,2080,http://bj.58.com/pinpaigongyu/30412889922245x.shtml
【合租】芍药居 芍药居小区 3室主卧,芍药居小区,3100,http://bj.58.com/pinpaigongyu/30004814632876x.shtml
